Date,2020-12-22 15:25:12
Filename,STFCB-20200928-0105-0109_20201222_152404_002.dat
Data Label,정상
Label No,00
Motor Spec,L-CAHU-01R,1750,11,22,
Period,1SEC
Sample Rate,2000
RMS,16.75589,17.17713,15.00339,
Data Length,2000,
0,-15.21484375,-8.6484375,21.5009765625,
0.0005,-11.130859375,-13.4931640625,21.4208984375,
0.001,-8.568359375,-16.0556640625,20.7001953125,
0.0015,-2.6826171875,-19.2587890625,17.45703125,
0.002,1.361328125,-21.060546875,14.654296875,
0.0025,5.92578125,-24.34375,11.611328125,
0.003,11.0908203125,-24.9443359375,8.0078125,
0.0035,14.25390625,-24.2236328125,4.0439453125,
0.004,17.45703125,-24.1435546875,0.7607421875,
0.0045,19.4189453125,-21.5009765625,-3.5234375,
0.005,21.9814453125,-19.3388671875,-8.96875,
0.0055,22.7421875,-16.0556640625,-10.8505859375,
0.006,24.103515625,-12.2919921875,-14.9345703125,
0.0065,23.142578125,-8.80859375,-16.3359375,
0.007,20.5,-3.9638671875,-18.5380859375,
0.0075,19.298828125,0.0400390625,-18.8984375,
0.008,17.1767578125,5.1650390625,-20.8203125,
0.0085,13.533203125,8.96875,-21.2607421875,
0.009,9.609375,14.2939453125,-20.6201171875,
0.0095,6.486328125,17.0166015625,-19.5390625,
0.01,0.80078125,19.8193359375,-16.015625,
0.0105,-3.6435546875,21.8212890625,-13.0927734375,
0.011,-7.927734375,23.3828125,-9.9296875,
0.0115,-12.9326171875,25.0244140625,-6.24609375,
0.012,-15.615234375,23.783203125,-2.322265625,
0.0125,-18.7783203125,23.142578125,1.4013671875,
0.013,-20.4599609375,20.2998046875,5.4052734375,
0.0135,-23.0224609375,16.65625,9.6494140625,
0.014,-23.1826171875,14.0537109375,12.7724609375,
0.0145,-24.18359375,10.5703125,16.17578125,
0.015,-23.1025390625,6.806640625,17.6572265625,
0.0155,-21.30078125,1.9619140625,19.5390625,
0.016,-18.73828125,-2.40234375,20.2197265625,
0.0165,-16.576171875,-7.287109375,21.7412109375,
0.017,-12.7724609375,-12.251953125,21.9814453125,
0.0175,-8.80859375,-15.6552734375,20.7802734375,
0.018,-5.1650390625,-18.3779296875,19.0986328125,
0.0185,0.4404296875,-20.8603515625,15.4951171875,
0.019,5.044921875,-23.1826171875,12.6923828125,
0.0195,9.369140625,-24.0234375,8.8486328125,
0.02,13.6533203125,-25.5849609375,5.845703125,
0.0205,16.49609375,-23.943359375,1.4814453125,
0.021,19.298828125,-23.0224609375,-2.2421875,
0.0215,21.1005859375,-20.0595703125,-7.6875,
0.022,23.5830078125,-17.7373046875,-10.4501953125,
0.0225,23.3828125,-13.29296875,-13.5732421875,
0.023,24.0634765625,-10.009765625,-16.3759765625,
0.0235,22.662109375,-6.1259765625,-17.7373046875,
0.024,19.21875,-0.9609375,-19.458984375,
0.0245,17.8173828125,3.603515625,-20.33984375,
0.025,14.89453125,8.8486328125,-21.5009765625,
0.0255,11.451171875,13.212890625,-21.5810546875,
0.026,6.9267578125,16.6162109375,-19.779296875,
0.0265,3.2431640625,18.8984375,-17.697265625,
0.027,-2.2822265625,21.380859375,-15.375,
0.0275,-7.0869140625,23.86328125,-11.291015625,
0.028,-11.69140625,24.103515625,-6.6865234375,
0.0285,-15.0546875,25.46484375,-4.3642578125,
0.029,-17.9775390625,23.302734375,0.560546875,
0.0295,-20.4599609375,21.8212890625,4.1640625,
0.03,-22.26171875,18.6181640625,8.48828125,
0.0305,-24.4638671875,15.8955078125,12.5322265625,
0.031,-23.943359375,11.37109375,15.455078125,
0.0315,-24.0234375,7.8076171875,16.65625,
0.032,-22.26171875,4.0439453125,18.818359375,
0.0325,-19.9794921875,-1.3212890625,20.580078125,
0.033,-17.296875,-6.1259765625,21.5810546875,
0.0335,-13.693359375,-11.37109375,22.181640625,
0.034,-10.890625,-14.734375,22.0615234375,
0.0345,-5.5654296875,-18.2578125,19.5390625,
0.035,-1.7216796875,-20.1796875,16.9765625,
0.0355,3.68359375,-22.5419921875,13.453125,
0.036,8.6083984375,-24.984375,10.5302734375,
0.0365,12.97265625,-24.583984375,5.60546875,
0.037,15.85546875,-25.46484375,3.3232421875,
0.0375,18.5380859375,-23.1826171875,-1.361328125,
0.038,20.900390625,-21.4208984375,-5.1650390625,
0.0385,22.4619140625,-18.1376953125,-9.208984375,
0.039,23.0625,-14.974609375,-13.1328125,
0.0395,23.7431640625,-11.05078125,-15.4150390625,
0.04,23.142578125,-6.8466796875,-17.857421875,
0.0405,21.2607421875,-3.443359375,-18.2978515625,
0.041,18.8583984375,2.0419921875,-20.099609375,
0.0415,16.095703125,7.046875,-21.220703125,
0.042,11.771484375,12.2119140625,-21.140625,
0.0425,9.609375,15.0146484375,-20.98046875,
0.043,3.8837890625,18.2578125,-18.017578125,
0.0435,0.1201171875,20.1796875,-15.4951171875,
0.044,-4.8447265625,22.26171875,-12.171875,
0.0445,-9.9697265625,24.744140625,-9.0888671875,
0.045,-13.693359375,24.0634765625,-4.6044921875,
0.0455,-16.7763671875,23.0625,-1.6416015625,
0.046,-18.9384765625,22.0615234375,2.4423828125,
0.0465,-21.5009765625,20.01953125,6.7265625,
0.047,-22.8623046875,16.81640625,10.4501953125,
0.0475,-24.3037109375,12.97265625,14.6142578125,
0.048,-23.943359375,9.849609375,16.3759765625,
0.0485,-22.7421875,4.96484375,18.818359375,
0.049,-20.8203125,1.5615234375,19.2587890625,
0.0495,-18.5380859375,-5.125,21.060546875,
0.05,-15.6552734375,-9.0087890625,22.26171875,
0.0505,-11.1708984375,-13.693359375,21.62109375,
0.051,-8.728515625,-16.4560546875,21.1806640625,
0.0515,-2.72265625,-19.4990234375,17.6572265625,
0.052,1.6015625,-21.701171875,14.9345703125,
0.0525,6.0859375,-23.4228515625,11.69140625,
0.053,10.25,-26.90625,8.087890625,
0.0535,14.494140625,-24.7841796875,4.1640625,
0.054,18.0576171875,-24.4638671875,0.3203125,
0.0545,19.859375,-21.9814453125,-3.5234375,
0.055,22.6220703125,-19.6591796875,-8.0078125,
0.0555,23.462890625,-16.255859375,-11.37109375,
0.056,24.50390625,-12.171875,-16.65625,
0.0565,23.9033203125,-9.0087890625,-16.81640625,
0.057,22.021484375,-3.68359375,-19.05859375,
0.0575,19.7392578125,0.3203125,-19.5390625,
0.058,17.3369140625,5.4453125,-21.1005859375,
0.0585,13.8935546875,10.8505859375,-22.0615234375,
0.059,9.44921875,14.7744140625,-20.8203125,
0.0595,6.2861328125,17.697265625,-19.859375,
0.06,0.560546875,20.259765625,-16.0556640625,
0.0605,-4.1240234375,22.58203125,-13.2529296875,
0.061,-8.248046875,23.703125,-9.849609375,
0.0615,-13.533203125,25.5048828125,-6.0859375,
0.062,-16.0556640625,24.2236328125,-2.2021484375,
0.0625,-19.458984375,23.2626953125,2.08203125,
0.063,-20.8603515625,20.5400390625,5.765625,
0.0635,-23.4228515625,18.017578125,10.08984375,
0.064,-23.8232421875,14.25390625,13.29296875,
0.0645,-24.3037109375,8.96875,16.6162109375,
0.065,-23.54296875,6.9267578125,18.017578125,
0.0655,-21.2607421875,1.6015625,19.7392578125,
0.066,-18.9384765625,-2.6025390625,19.21875,
0.0665,-16.49609375,-7.287109375,21.62109375,
0.067,-13.0126953125,-12.4921875,22.3818359375,
0.0675,-8.6884765625,-15.6552734375,20.580078125,
0.068,-4.96484375,-18.578125,19.0986328125,
0.0685,0.3603515625,-20.66015625,14.09375,
0.069,5.0048828125,-23.302734375,12.7724609375,
0.0695,9.0087890625,-23.8232421875,8.9287109375,
0.07,13.4931640625,-25.3447265625,5.685546875,
0.0705,16.0556640625,-23.9833984375,1.8818359375,
0.071,19.0986328125,-22.58203125,-2.3623046875,
0.0715,20.6201171875,-19.939453125,-6.0458984375,
0.072,22.9423828125,-17.6171875,-9.9296875,
0.0725,23.2626953125,-13.6533203125,-13.2529296875,
0.073,23.302734375,-9.8896484375,-15.8955078125,
0.0735,22.501953125,-6.56640625,-17.3369140625,
0.074,20.01953125,-1.4013671875,-18.818359375,
0.0745,17.9775390625,3.04296875,-20.01953125,
0.075,14.974609375,7.767578125,-20.7001953125,
0.0755,11.8515625,12.5322265625,-21.4609375,
0.076,7.4072265625,15.5751953125,-19.37890625,
0.0765,3.4833984375,18.2578125,-17.5771484375,
0.077,-1.4814453125,20.2197265625,-15.375,
0.0775,-6.0859375,21.78125,-11.771484375,
0.078,-10.490234375,23.2626953125,-7.3671875,
0.0785,-14.173828125,24.50390625,-4.564453125,
0.079,-16.81640625,21.78125,-0.560546875,
0.0795,-19.5390625,21.3408203125,3.6435546875,
0.08,-21.2607421875,18.5380859375,7.607421875,
0.0805,-23.302734375,15.8955078125,11.37109375,
0.081,-23.5830078125,12.01171875,14.6142578125,
0.0815,-23.1025390625,7.927734375,17.0166015625,
0.082,-22.1015625,4.64453125,18.177734375,
0.0825,-19.5390625,-0.6806640625,19.7392578125,
0.083,-17.537109375,-5.4052734375,21.2607421875,
0.0835,-13.7734375,-11.53125,21.380859375,
0.084,-11.3310546875,-14.013671875,21.861328125,
0.0845,-6.166015625,-17.216796875,19.298828125,
0.085,-1.921875,-19.69921875,16.896484375,
0.0855,3.1630859375,-21.7412109375,13.4130859375,
0.086,7.9677734375,-24.5439453125,10.8505859375,
0.0865,12.171875,-24.103515625,6.166015625,
0.087,14.09375,-24.744140625,3.4033203125,
0.0875,17.8173828125,-24.34375,-0.560546875,
0.088,19.21875,-20.98046875,-4.884765625,
0.0885,22.181640625,-17.9775390625,-8.888671875,
0.089,23.623046875,-14.734375,-12.6123046875,
0.0895,23.7431640625,-11.451171875,-15.0146484375,
0.09,22.58203125,-6.7265625,-17.3369140625,
0.0905,21.1005859375,-3.443359375,-18.09765625,
0.091,18.4580078125,1.9619140625,-19.619140625,
0.0915,16.1357421875,7.0068359375,-21.220703125,
0.092,11.5712890625,11.771484375,-20.580078125,
0.0925,9.44921875,14.7744140625,-20.740234375,
0.093,4.1640625,17.6171875,-17.77734375,
0.0935,-0.1201171875,19.8994140625,-15.21484375,
0.094,-4.8447265625,21.7412109375,-11.8115234375,
0.0945,-9.8095703125,24.3037109375,-8.888671875,
0.095,-13.29296875,23.783203125,-4.8046875,
0.0955,-16.49609375,23.5830078125,-2.5625,
0.096,-18.2578125,21.8212890625,2.08203125,
0.0965,-20.8603515625,19.458984375,6.486328125,
0.097,-22.501953125,16.5361328125,10.2900390625,
0.0975,-23.1826171875,12.572265625,13.9736328125,
0.098,-23.623046875,10.08984375,15.85546875,
0.0985,-23.0625,5.0048828125,16.65625,
0.099,-20.2998046875,1.7216796875,18.6181640625,
0.0995,-17.8173828125,-3.36328125,20.01953125,
0.1,-15.4951171875,-8.48828125,20.5,
0.1005,-11.0908203125,-12.572265625,20.6201171875,
0.101,-8.568359375,-15.615234375,20.4599609375,
0.1015,-3.68359375,-19.21875,17.2568359375,
0.102,0.880859375,-20.5400390625,14.814453125,
0.1025,5.28515625,-22.1416015625,11.5712890625,
0.103,10.41015625,-24.1435546875,8.087890625,
0.1035,13.052734375,-23.943359375,5.0849609375,
0.104,15.375,-24.34375,0.720703125,
0.1045,18.09765625,-21.4609375,-2.2021484375,
0.105,20.7802734375,-19.05859375,-6.6865234375,
0.1055,22.4619140625,-16.255859375,-10.41015625,
0.106,22.6220703125,-12.01171875,-13.7734375,
0.1065,21.78125,-9.7294921875,-15.4951171875,
0.107,20.8603515625,-4.64453125,-17.2568359375,
0.1075,19.298828125,-0.880859375,-18.3779296875,
0.108,16.81640625,4.00390625,-19.619140625,
0.1085,14.013671875,9.529296875,-21.2607421875,
0.109,9.9697265625,12.6923828125,-19.939453125,
0.1095,6.56640625,16.17578125,-19.138671875,
0.11,2.1220703125,18.017578125,-15.9755859375,
0.1105,-2.8427734375,20.98046875,-13.4130859375,
0.111,-7.0068359375,22.421875,-10.2099609375,
0.1115,-12.1318359375,23.9033203125,-6.326171875,
0.112,-14.333984375,23.623046875,-3.6435546875,
0.1125,-17.8974609375,22.1015625,1.3212890625,
0.113,-19.298828125,20.1796875,4.32421875,
0.1135,-21.7412109375,17.6572265625,8.6083984375,
0.114,-23.22265625,14.4140625,12.412109375,
0.1145,-22.90234375,8.96875,15.21484375,
0.115,-22.982421875,7.4072265625,16.9765625,
0.1155,-20.4599609375,2.40234375,18.337890625,
0.116,-18.73828125,-2.0419921875,19.8994140625,
0.1165,-16.1357421875,-7.6875,20.66015625,
0.117,-12.9326171875,-11.9716796875,21.861328125,
0.1175,-9.2490234375,-14.57421875,20.259765625,
0.118,-4.8046875,-18.09765625,18.578125,
0.1185,-0.3203125,-19.6591796875,15.2548828125,
0.119,4.564453125,-22.58203125,12.7724609375,
0.1195,8.80859375,-23.5029296875,9.0888671875,
0.12,13.1728515625,-24.4638671875,5.4453125,
0.1205,15.53515625,-23.943359375,2.482421875,
0.121,18.73828125,-21.94140625,-2.40234375,
0.1215,20.419921875,-19.69921875,-5.845703125,
0.122,22.3017578125,-17.216796875,-9.529296875,
0.1225,23.5029296875,-13.5732421875,-13.29296875,
0.123,22.7421875,-9.609375,-15.455078125,
0.1235,22.341796875,-6.326171875,-17.296875,
0.124,19.5791015625,-1.4013671875,-18.2978515625,
0.1245,17.8173828125,3.36328125,-20.099609375,
0.125,14.57421875,7.84765625,-20.33984375,
0.1255,11.4111328125,12.732421875,-21.220703125,
0.126,7.52734375,15.294921875,-19.3388671875,
0.1265,2.8427734375,18.5380859375,-17.0966796875,
0.127,-1.6015625,20.1396484375,-13.7734375,
0.1275,-6.326171875,22.9423828125,-11.37109375,
0.128,-10.73046875,23.54296875,-7.287109375,
0.1285,-14.333984375,24.0234375,-3.923828125,
0.129,-16.81640625,23.22265625,-0.640625,
0.1295,-19.4990234375,20.900390625,3.9638671875,
0.13,-21.4208984375,18.41796875,7.8076171875,
0.1305,-22.7421875,15.53515625,11.2109375,
0.131,-23.8232421875,12.01171875,14.7744140625,
0.1315,-22.662109375,7.767578125,16.736328125,
0.132,-21.8212890625,4.2041015625,18.2978515625,
0.1325,-19.138671875,-0.720703125,19.37890625,
0.133,-17.4169921875,-5.5654296875,21.30078125,
0.1335,-13.5732421875,-10.169921875,21.140625,
0.134,-10.8505859375,-14.173828125,21.541015625,
0.1345,-6.5263671875,-16.8564453125,19.37890625,
0.135,-1.521484375,-19.8193359375,15.375,
0.1355,3.123046875,-21.4609375,13.29296875,
0.136,7.7275390625,-24.0234375,10.650390625,
0.1365,12.01171875,-25.625,6.5263671875,
0.137,15.1748046875,-24.1435546875,3.0830078125,
0.1375,17.6171875,-23.1826171875,-0.2802734375,
0.138,20.1396484375,-20.7001953125,-4.8046875,
0.1385,22.26171875,-18.0576171875,-8.888671875,
0.139,22.982421875,-14.57421875,-12.171875,
0.1395,23.943359375,-11.6513671875,-15.0146484375,
0.14,22.3017578125,-6.9267578125,-16.9365234375,
0.1405,21.0205078125,-3.1630859375,-18.2978515625,
0.141,18.2177734375,1.8818359375,-19.3388671875,
0.1415,16.255859375,6.966796875,-21.380859375,
0.142,11.7314453125,10.25,-20.6201171875,
0.1425,9.0888671875,14.9345703125,-20.5400390625,
0.143,4.64453125,17.45703125,-18.017578125,
0.1435,-0.400390625,20.2197265625,-15.21484375,
0.144,-5.0849609375,21.9814453125,-11.8115234375,
0.1445,-9.8896484375,24.103515625,-8.6484375,
0.145,-13.4130859375,24.3837890625,-5.1650390625,
0.1455,-17.9375,23.3828125,-1.0009765625,
0.146,-18.6181640625,22.1416015625,2.1220703125,
0.1465,-21.1005859375,19.458984375,6.7265625,
0.147,-23.22265625,16.6962890625,10.810546875,
0.1475,-23.302734375,12.33203125,14.1337890625,
0.148,-24.1435546875,9.9697265625,16.3359375,
0.1485,-22.0615234375,5.0048828125,18.09765625,
0.149,-20.6201171875,1.041015625,19.37890625,
0.1495,-17.8173828125,-4.00390625,19.21875,
0.15,-15.53515625,-9.3291015625,22.341796875,
0.1505,-11.2109375,-13.2529296875,21.220703125,
0.151,-7.9677734375,-16.576171875,20.5400390625,
0.1515,-3.5634765625,-18.6181640625,17.6572265625,
0.152,1.681640625,-21.5009765625,14.734375,
0.1525,6.3662109375,-23.302734375,11.4111328125,
0.153,11.3310546875,-24.7041015625,7.5673828125,
0.1535,12.8125,-25.064453125,4.96484375,
0.154,17.6572265625,-23.462890625,-0.080078125,
0.1545,19.298828125,-21.94140625,-3.04296875,
0.155,20.5,-19.1787109375,-7.607421875,
0.1555,23.8232421875,-16.3359375,-11.6513671875,
0.156,23.3828125,-11.6513671875,-14.7744140625,
0.1565,23.943359375,-9.3291015625,-16.6162109375,
0.157,21.4609375,-4.244140625,-18.017578125,
0.1575,19.7392578125,0.1201171875,-19.5390625,
0.158,16.8564453125,5.0849609375,-20.4599609375,
0.1585,13.8134765625,10.810546875,-22.0615234375,
0.159,10.009765625,14.013671875,-20.740234375,
0.1595,5.765625,17.6171875,-19.37890625,
0.16,1.681640625,17.9375,-16.3359375,
0.1605,-3.68359375,22.181640625,-13.373046875,
0.161,-8.2880859375,23.783203125,-9.9296875,
0.1615,-13.29296875,24.6640625,-5.5654296875,
0.162,-15.53515625,24.82421875,-3.2431640625,
0.1625,-19.05859375,22.662109375,2.1220703125,
0.163,-20.66015625,20.7802734375,5.28515625,
0.1635,-22.7421875,17.8974609375,9.4892578125,
0.164,-24.5439453125,14.494140625,13.6533203125,
0.1645,-23.703125,10.009765625,16.17578125,
0.165,-23.783203125,7.0068359375,18.1376953125,
0.1655,-21.1005859375,2.1220703125,19.1787109375,
0.166,-19.2587890625,-2.802734375,20.9404296875,
0.1665,-16.2958984375,-7.447265625,21.4609375,
0.167,-12.7724609375,-13.052734375,22.6220703125,
0.1675,-9.3291015625,-15.53515625,21.060546875,
0.168,-4.1640625,-20.5,18.8984375,
0.1685,0.0400390625,-20.66015625,15.615234375,
0.169,5.1650390625,-23.462890625,12.732421875,
0.1695,9.76953125,-24.7041015625,9.0087890625,
0.17,12.8125,-25.0244140625,4.8447265625,
0.1705,16.49609375,-24.904296875,2.2421875,
0.171,19.5390625,-22.4619140625,-2.8828125,
0.1715,21.5009765625,-20.2998046875,-6.5263671875,
0.172,22.9423828125,-17.4169921875,-10.08984375,
0.1725,24.50390625,-13.61328125,-14.2939453125,
0.173,23.3828125,-9.5693359375,-16.1357421875,
0.1735,22.90234375,-5.8857421875,-18.2177734375,
0.174,20.1396484375,-1.3212890625,-18.8583984375,
0.1745,18.2578125,3.7236328125,-20.8203125,
0.175,14.7744140625,8.408203125,-20.9404296875,
0.1755,11.130859375,13.533203125,-21.541015625,
0.176,7.767578125,16.015625,-20.01953125,
0.1765,2.322265625,19.3388671875,-17.2568359375,
0.177,-1.76171875,20.7802734375,-15.375,
0.1775,-6.56640625,23.3427734375,-11.3310546875,
0.178,-11.37109375,24.423828125,-7.3671875,
0.1785,-14.814453125,23.0625,-3.5634765625,
0.179,-17.537109375,23.86328125,-0.4404296875,
0.1795,-19.9794921875,21.2607421875,4.2041015625,
0.18,-22.1416015625,18.8984375,8.16796875,
0.1805,-24.34375,15.775390625,11.4111328125,
0.181,-24.50390625,12.091796875,15.4150390625,
0.1815,-23.22265625,7.927734375,17.0966796875,
0.182,-22.26171875,2.5625,19.05859375,
0.1825,-19.5791015625,-0.6005859375,19.619140625,
0.183,-17.8173828125,-5.7255859375,20.5,
0.1835,-13.9736328125,-10.3701171875,21.6611328125,
0.184,-10.6103515625,-14.654296875,20.5,
0.1845,-6.88671875,-17.296875,20.01953125,
0.185,-2.5625,-20.3798828125,16.81640625,
0.1855,3.1630859375,-22.0615234375,13.6533203125,
0.186,7.8076171875,-24.3037109375,10.6904296875,
0.1865,12.4921875,-25.224609375,6.7265625,
0.187,15.6552734375,-24.50390625,2.8828125,
0.1875,18.337890625,-23.8232421875,-0.48046875,
0.188,20.6201171875,-21.1005859375,-5.0048828125,
0.1885,21.78125,-18.6181640625,-9.12890625,
0.189,23.3427734375,-14.8544921875,-12.33203125,
0.1895,24.6240234375,-11.7314453125,-15.6552734375,
0.19,22.9423828125,-7.20703125,-17.4169921875,
0.1905,21.5009765625,-2.8427734375,-19.138671875,
0.191,18.658203125,2.001953125,-19.859375,
0.1915,16.5361328125,7.287109375,-21.861328125,
0.192,12.091796875,12.0517578125,-21.2607421875,
0.1925,8.728515625,15.6953125,-20.8203125,
0.193,4.7646484375,18.1376953125,-18.6181640625,
0.1935,-0.7607421875,20.98046875,-16.65625,
0.194,-5.4052734375,22.8623046875,-12.0517578125,
0.1945,-10.2099609375,24.423828125,-8.4482421875,
0.195,-14.1337890625,25.3447265625,-5.205078125,
0.1955,-17.296875,23.86328125,-0.640625,
0.196,-19.4990234375,22.7421875,1.28125,
0.1965,-21.7412109375,19.7392578125,7.20703125,
0.197,-24.0634765625,17.056640625,11.3310546875,
0.1975,-23.703125,12.3720703125,14.57421875,
0.198,-24.7041015625,9.689453125,17.056640625,
0.1985,-22.7021484375,4.96484375,18.578125,
0.199,-20.98046875,0.6005859375,20.1396484375,
0.1995,-18.0576171875,-4.32421875,20.900390625,
0.2,-15.4951171875,-9.609375,22.501953125,
0.2005,-11.37109375,-13.693359375,21.7412109375,
0.201,-7.52734375,-17.216796875,20.6201171875,
0.2015,-3.5234375,-19.138671875,17.9775390625,
0.202,1.9619140625,-21.9013671875,14.6943359375,
0.2025,6.6865234375,-23.8232421875,11.4912109375,
0.203,10.25,-24.6240234375,7.126953125,
0.2035,14.4541015625,-25.544921875,4.884765625,
0.204,17.77734375,-23.5830078125,-0.240234375,
0.2045,19.69921875,-22.2216796875,-3.283203125,
0.205,21.8212890625,-19.1787109375,-7.7275390625,
0.2055,23.9833984375,-16.49609375,-11.771484375,
0.206,23.302734375,-11.8515625,-14.6943359375,
0.2065,23.86328125,-9.0087890625,-16.9365234375,
0.207,21.7412109375,-4.724609375,-19.21875,
0.2075,19.779296875,0.1201171875,-19.5791015625,
0.208,16.9765625,4.884765625,-20.419921875,
0.2085,13.5732421875,10.41015625,-21.5009765625,
0.209,10.4501953125,13.6533203125,-20.8603515625,
0.2095,5.7255859375,17.296875,-19.138671875,
0.21,2.2822265625,18.7783203125,-16.576171875,
0.2105,-3.1630859375,21.541015625,-13.3330078125,
0.211,-7.84765625,23.623046875,-11.53125,
0.2115,-12.572265625,23.8232421875,-5.60546875,
0.212,-15.0947265625,24.6640625,-3.5634765625,
0.2125,-18.1376953125,22.4619140625,1.4013671875,
0.213,-20.1396484375,20.8203125,4.724609375,
0.2135,-21.94140625,17.77734375,8.80859375,
0.214,-23.943359375,14.6142578125,12.97265625,
0.2145,-23.2626953125,10.4501953125,14.09375,
0.215,-23.302734375,7.0068359375,17.8173828125,
0.2155,-21.140625,3.203125,18.41796875,
0.216,-20.5,-2.001953125,20.3798828125,
0.2165,-16.416015625,-6.6865234375,21.1806640625,
0.217,-12.5322265625,-12.171875,20.5,
0.2175,-10.08984375,-14.6943359375,21.220703125,
0.218,-4.6044921875,-18.3779296875,18.658203125,
0.2185,-0.9609375,-19.859375,15.935546875,
0.219,4.2041015625,-22.421875,12.892578125,
0.2195,9.2890625,-24.4638671875,9.4892578125,
0.22,13.212890625,-24.263671875,5.205078125,
0.2205,16.015625,-24.6640625,2.6826171875,
0.221,18.6181640625,-22.341796875,-1.9619140625,
0.2215,20.9404296875,-20.419921875,-5.8857421875,
0.222,22.3017578125,-17.4169921875,-9.529296875,
0.2225,24.0234375,-13.7333984375,-13.8134765625,
0.223,23.22265625,-10.08984375,-15.5751953125,
0.2235,22.6220703125,-5.8857421875,-19.21875,
0.224,20.259765625,-2.162109375,-18.2978515625,
0.2245,18.2578125,3.203125,-20.419921875,
0.225,14.8544921875,8.248046875,-20.9404296875,
0.2255,10.8505859375,13.1728515625,-21.0205078125,
0.226,8.248046875,15.6953125,-20.2197265625,
0.2265,1.28125,18.9384765625,-17.216796875,
0.227,-1.521484375,20.580078125,-14.25390625,
0.2275,-6.1259765625,22.7822265625,-11.3310546875,
0.228,-11.4111328125,24.583984375,-7.4873046875,
0.2285,-14.57421875,23.943359375,-3.5634765625,
0.229,-17.537109375,23.7431640625,-0.3603515625,
0.2295,-19.619140625,21.140625,3.8837890625,
0.23,-22.1015625,18.8583984375,8.087890625,
0.2305,-22.7822265625,15.4150390625,11.3310546875,
0.231,-24.18359375,11.69140625,14.09375,
0.2315,-23.22265625,8.2080078125,16.81640625,
0.232,-21.9814453125,3.68359375,18.9384765625,
0.2325,-19.5390625,-0.2802734375,19.37890625,
0.233,-17.537109375,-5.4052734375,21.1806640625,
0.2335,-13.8134765625,-10.3701171875,21.541015625,
0.234,-10.08984375,-14.3740234375,21.0205078125,
0.2345,-7.046875,-17.0166015625,19.939453125,
0.235,-1.44140625,-19.779296875,16.5361328125,
0.2355,2.9228515625,-21.701171875,13.61328125,
0.236,7.126953125,-23.1826171875,10.4501953125,
0.2365,12.171875,-24.82421875,6.806640625,
0.237,14.7744140625,-23.703125,3.04296875,
0.2375,17.857421875,-23.302734375,-0.48046875,
0.238,19.5390625,-20.740234375,-4.32421875,
0.2385,22.0615234375,-18.498046875,-8.4482421875,
0.239,22.3017578125,-14.6142578125,-11.611328125,
0.2395,23.3828125,-11.291015625,-14.89453125,
0.24,22.4619140625,-7.8076171875,-16.416015625,
0.2405,20.7001953125,-3.1630859375,-18.177734375,
0.241,18.3779296875,0.9609375,-18.818359375,
0.2415,16.17578125,5.8056640625,-20.33984375,
0.242,12.3720703125,10.890625,-20.740234375,
0.2425,8.7685546875,14.173828125,-19.69921875,
0.243,5.4453125,16.896484375,-18.3779296875,
0.2435,0.400390625,17.9375,-15.134765625,
0.244,-4.1640625,21.541015625,-12.4921875,
0.2445,-8.2880859375,22.4619140625,-8.80859375,
0.245,-12.732421875,24.18359375,-5.845703125,
0.2455,-16.65625,22.822265625,-1.921875,
0.246,-18.177734375,21.94140625,1.681640625,
0.2465,-19.859375,19.298828125,5.4853515625,
0.247,-22.26171875,17.056640625,9.609375,
0.2475,-22.421875,12.892578125,12.892578125,
0.248,-24.34375,9.689453125,15.7353515625,
0.2485,-22.181640625,6.2060546875,17.216796875,
0.249,-20.2197265625,1.44140625,18.8984375,
0.2495,-17.9775390625,-2.962890625,19.939453125,
0.25,-15.2548828125,-7.8076171875,20.9404296875,
0.2505,-12.1318359375,-12.33203125,21.5009765625,
0.251,-7.84765625,-15.615234375,19.859375,
0.2515,-4.2041015625,-18.09765625,17.9775390625,
0.252,0.9609375,-20.419921875,14.6943359375,
0.2525,5.60546875,-22.982421875,12.0517578125,
0.253,10.0498046875,-23.1826171875,7.607421875,
0.2535,13.533203125,-24.744140625,5.28515625,
0.254,16.4560546875,-23.1025390625,0.8408203125,
0.2545,19.05859375,-21.8212890625,-2.802734375,
0.255,20.8603515625,-18.9384765625,-6.8466796875,
0.2555,22.9423828125,-16.255859375,-10.7705078125,
0.256,22.8623046875,-12.171875,-13.7734375,
0.2565,22.9423828125,-8.6083984375,-16.3359375,
0.257,21.6611328125,-5.205078125,-17.3369140625,
0.2575,19.4189453125,-0.080078125,-19.0986328125,
0.258,16.9365234375,4.724609375,-20.2197265625,
0.2585,13.052734375,9.9296875,-20.5400390625,
0.259,10.650390625,13.4130859375,-20.9404296875,
0.2595,5.5654296875,16.81640625,-18.6181640625,
0.26,2.001953125,18.8984375,-16.416015625,
0.2605,-3.1630859375,21.1005859375,-13.052734375,
0.261,-8.0078125,23.5830078125,-10.169921875,
0.2615,-12.33203125,23.22265625,-5.4453125,
0.262,-15.2548828125,24.1435546875,-3.1630859375,
0.2625,-17.8974609375,22.26171875,1.1611328125,
0.263,-20.259765625,19.21875,5.0048828125,
0.2635,-21.8212890625,17.45703125,7.6875,
0.264,-23.3828125,12.8125,12.892578125,
0.2645,-23.302734375,10.6103515625,15.2548828125,
0.265,-22.7021484375,6.3662109375,17.697265625,
0.2655,-21.1806640625,3.203125,18.337890625,
0.266,-18.8984375,-2.162109375,20.099609375,
0.2665,-16.3359375,-6.966796875,21.2607421875,
0.267,-11.9716796875,-11.9716796875,20.98046875,
0.2675,-10.0498046875,-14.7744140625,21.220703125,
0.268,-4.484375,-18.0576171875,18.2978515625,
0.2685,-0.640625,-20.0595703125,15.85546875,
0.269,4.1640625,-22.021484375,12.572265625,
0.2695,9.208984375,-24.3037109375,9.369140625,
0.27,11.53125,-23.86328125,5.1650390625,
0.2705,16.015625,-24.18359375,2.162109375,
0.271,18.09765625,-22.26171875,-1.5615234375,
0.2715,20.740234375,-20.1796875,-5.8056640625,
0.272,22.021484375,-17.056640625,-9.44921875,
0.2725,23.22265625,-13.212890625,-13.453125,
0.273,23.2626953125,-10.4501953125,-15.2548828125,
0.2735,22.021484375,-5.60546875,-17.6572265625,
0.274,20.33984375,-2.40234375,-18.1376953125,
0.2745,17.9775390625,2.8828125,-19.859375,
0.275,15.0146484375,8.087890625,-20.98046875,
0.2755,10.5703125,12.572265625,-20.2998046875,
0.276,8.328125,15.4150390625,-20.2197265625,
0.2765,3.0029296875,18.2578125,-17.0166015625,
0.277,-2.5625,19.21875,-14.494140625,
0.2775,-5.7255859375,22.1015625,-11.2109375,
0.278,-11.0908203125,24.2236328125,-7.5673828125,
0.2785,-13.93359375,23.5830078125,-4.0439453125,
0.279,-17.4970703125,23.3427734375,-0.16015625,
0.2795,-19.1787109375,21.30078125,3.283203125,
0.28,-21.861328125,18.9384765625,7.7275390625,
0.2805,-22.7421875,15.4951171875,11.2509765625,
0.281,-23.5830078125,11.4111328125,15.0947265625,
0.2815,-23.5029296875,8.6884765625,15.375,
0.282,-21.7412109375,3.5634765625,18.8583984375,
0.2825,-19.859375,-0.240234375,19.5390625,
0.283,-17.537109375,-6.40625,20.98046875,
0.2835,-15.375,-10.5703125,21.9814453125,
0.284,-9.9296875,-14.2939453125,20.8603515625,
0.2845,-6.88671875,-17.4169921875,20.1396484375,
0.285,-1.44140625,-19.859375,16.6162109375,
0.2855,3.2431640625,-22.421875,13.93359375,
0.286,7.4072265625,-23.4228515625,10.330078125,
0.2865,12.6923828125,-25.2646484375,6.56640625,
0.287,15.134765625,-24.263671875,3.123046875,
0.2875,18.7783203125,-23.462890625,-1.201171875,
0.288,20.2197265625,-21.060546875,-4.64453125,
0.2885,22.822265625,-18.6181640625,-8.9287109375,
0.289,23.2626953125,-14.6943359375,-12.3720703125,
0.2895,23.7431640625,-10.810546875,-15.615234375,
0.29,23.3427734375,-7.7275390625,-17.13671875,
0.2905,21.0205078125,-2.40234375,-18.978515625,
0.291,18.8583984375,1.8818359375,-19.8994140625,
0.2915,16.0556640625,6.6865234375,-20.8203125,
0.292,12.3720703125,12.1318359375,-21.6611328125,
0.2925,8.2080078125,15.2548828125,-20.01953125,
0.293,4.5244140625,18.4580078125,-18.6982421875,
0.2935,-0.560546875,20.419921875,-15.134765625,
0.294,-5.365234375,23.1025390625,-12.4921875,
0.2945,-9.5693359375,23.4228515625,-8.2880859375,
0.295,-14.173828125,25.064453125,-5.0048828125,
0.2955,-17.9375,23.783203125,-1.2412109375,
0.296,-19.859375,22.4619140625,3.04296875,
0.2965,-21.2607421875,19.7392578125,6.7265625,
0.297,-23.462890625,17.056640625,10.7705078125,
0.2975,-23.7431640625,11.53125,14.25390625,
0.298,-23.703125,7.6875,16.896484375,
0.2985,-24.34375,5.7255859375,18.41796875,
0.299,-20.580078125,0.48046875,19.939453125,
0.2995,-18.41796875,-4.1240234375,21.1005859375,
0.3,-15.0546875,-8.8486328125,21.4609375,
0.3005,-11.9716796875,-13.5732421875,22.26171875,
0.301,-7.3671875,-17.9375,20.1396484375,
0.3015,-3.3232421875,-19.6591796875,18.2177734375,
0.302,1.76171875,-21.541015625,14.6142578125,
0.3025,6.56640625,-24.3037109375,12.01171875,
0.303,10.890625,-24.0634765625,7.287109375,
0.3035,14.734375,-25.3046875,4.5244140625,
0.304,17.376953125,-23.9833984375,0.6005859375,
0.3045,20.259765625,-22.26171875,-3.68359375,
0.305,21.94140625,-19.3388671875,-8.96875,
0.3055,23.623046875,-16.3759765625,-11.451171875,
0.306,23.9033203125,-12.3720703125,-14.6943359375,
0.3065,23.302734375,-8.248046875,-17.0166015625,
0.307,22.3818359375,-4.96484375,-18.2578125,
0.3075,19.7392578125,0.4404296875,-19.779296875,
0.308,17.4169921875,5.28515625,-21.140625,
0.3085,13.0927734375,10.2900390625,-20.900390625,
0.309,10.650390625,14.2138671875,-21.541015625,
0.3095,5.525390625,17.376953125,-19.0185546875,
0.31,1.4814453125,19.8994140625,-16.7763671875,
0.3105,-3.603515625,21.8212890625,-13.1328125,
0.311,-8.4482421875,24.423828125,-10.330078125,
0.3115,-12.7724609375,24.0634765625,-5.4853515625,
0.312,-15.9755859375,24.583984375,-2.642578125,
0.3125,-18.498046875,23.1025390625,1.2412109375,
0.313,-21.060546875,20.98046875,5.4853515625,
0.3135,-22.662109375,17.8173828125,9.5693359375,
0.314,-23.8232421875,14.173828125,13.3330078125,
0.3145,-24.2236328125,10.890625,15.8955078125,
0.315,-23.0224609375,6.1259765625,18.2578125,
0.3155,-21.7412109375,2.9228515625,19.138671875,
0.316,-19.0986328125,-2.5224609375,20.580078125,
0.3165,-17.9375,-7.52734375,22.1015625,
0.317,-11.9716796875,-12.2919921875,21.30078125,
0.3175,-9.9296875,-15.53515625,21.62109375,
0.318,-4.5244140625,-18.5380859375,18.6181640625,
0.3185,-0.240234375,-21.060546875,16.095703125,
0.319,4.6044921875,-22.7021484375,12.572265625,
0.3195,9.7294921875,-24.904296875,9.2890625,
0.32,13.373046875,-24.6240234375,5.2451171875,
0.3205,16.7763671875,-24.4638671875,1.6015625,
0.321,18.7783203125,-22.982421875,-1.7216796875,
0.3215,21.5009765625,-20.5400390625,-6.24609375,
0.322,22.9423828125,-17.376953125,-10.08984375,
0.3225,23.6630859375,-13.212890625,-13.8935546875,
0.323,24.103515625,-10.73046875,-15.85546875,
0.3235,22.421875,-5.4052734375,-18.177734375,
0.324,20.900390625,-2.08203125,-18.9384765625,
0.3245,18.177734375,3.2431640625,-20.33984375,
0.325,15.2548828125,8.728515625,-23.0625,
0.3255,10.650390625,13.0126953125,-20.66015625,
0.326,8.0078125,16.17578125,-21.78125,
0.3265,2.9228515625,18.7783203125,-17.45703125,
0.327,-1.76171875,21.5009765625,-14.7744140625,
0.3275,-6.24609375,22.9423828125,-11.2109375,
0.328,-11.69140625,24.8642578125,-7.3671875,
0.3285,-14.5341796875,24.50390625,-4.083984375,
0.329,-18.2978515625,23.703125,0.5205078125,
0.3295,-19.859375,21.94140625,3.5634765625,
0.33,-22.5419921875,19.298828125,8.2080078125,
0.3305,-23.703125,15.7353515625,12.01171875,
0.331,-24.0634765625,11.291015625,15.6953125,
0.3315,-24.3037109375,8.80859375,17.3369140625,
0.332,-22.1015625,3.2431640625,19.4189453125,
0.3325,-20.3798828125,-0.640625,20.3798828125,
0.333,-17.697265625,-5.525390625,21.4208984375,
0.3335,-14.3740234375,-11.3310546875,22.7021484375,
0.334,-10.009765625,-14.7744140625,21.220703125,
0.3345,-6.3662109375,-18.2978515625,20.2197265625,
0.335,-1.361328125,-20.419921875,16.8564453125,
0.3355,3.603515625,-23.1025390625,12.8125,
0.336,7.84765625,-24.0234375,8.96875,
0.3365,13.212890625,-26.90625,6.326171875,
0.337,15.615234375,-24.904296875,3.1630859375,
0.3375,19.4189453125,-23.6630859375,-1.76171875,
0.338,20.7802734375,-21.4609375,-4.9248046875,
0.3385,23.142578125,-18.73828125,-9.208984375,
0.339,23.9833984375,-14.89453125,-12.9326171875,
0.3395,23.86328125,-10.650390625,-15.8955078125,
0.34,23.7431640625,-8.96875,-17.6171875,
0.3405,21.140625,-2.2822265625,-20.5,
0.341,17.9375,2.0419921875,-20.419921875,
0.3415,16.2158203125,6.7265625,-20.8603515625,
0.342,12.4921875,12.251953125,-21.9013671875,
0.3425,8.48828125,15.134765625,-20.1796875,
0.343,4.2041015625,18.7783203125,-18.6982421875,
0.3435,-0.2802734375,20.33984375,-15.294921875,
0.344,-5.205078125,23.1025390625,-12.572265625,
0.3445,-9.369140625,23.5029296875,-8.4482421875,
0.345,-14.013671875,24.744140625,-4.8447265625,
0.3455,-16.3759765625,24.0234375,-1.6416015625,
0.346,-19.69921875,22.2216796875,3.123046875,
0.3465,-21.1005859375,19.8994140625,6.4462890625,
0.347,-22.822265625,17.056640625,8.96875,
0.3475,-23.783203125,13.1328125,14.1337890625,
0.348,-23.1826171875,9.12890625,16.416015625,
0.3485,-22.982421875,5.845703125,18.337890625,
0.349,-20.419921875,1.0009765625,19.37890625,
0.3495,-18.6181640625,-3.5634765625,20.98046875,
0.35,-15.21484375,-8.0078125,20.900390625,
0.3505,-12.091796875,-13.0927734375,21.9013671875,
0.351,-8.087890625,-15.775390625,20.099609375,
0.3515,-3.36328125,-19.1787109375,18.0576171875,
0.352,0.9208984375,-20.7001953125,14.814453125,
0.3525,5.685546875,-23.4228515625,12.2919921875,
0.353,10.1298828125,-23.7431640625,7.8876953125,
0.3535,13.853515625,-24.50390625,4.724609375,
0.354,16.6162109375,-23.943359375,1.361328125,
0.3545,19.458984375,-21.9013671875,-3.1630859375,
0.355,21.2607421875,-19.4990234375,-6.88671875,
0.3555,22.501953125,-16.4560546875,-10.330078125,
0.356,23.6630859375,-12.8525390625,-14.0537109375,
0.3565,22.7021484375,-8.6484375,-16.17578125,
0.357,22.1015625,-6.40625,-17.9775390625,
0.3575,19.4990234375,-0.2001953125,-19.138671875,
0.358,17.6572265625,4.564453125,-20.900390625,
0.3585,13.3330078125,9.2890625,-20.419921875,
0.359,10.7705078125,13.61328125,-21.220703125,
0.3595,6.24609375,16.576171875,-19.05859375,
0.36,1.6015625,19.5791015625,-16.6962890625,
0.3605,-3.04296875,21.30078125,-13.29296875,
0.361,-7.8076171875,23.703125,-10.490234375,
0.3615,-12.2119140625,23.943359375,-6.0859375,
0.362,-15.4951171875,23.9833984375,-2.6826171875,
0.3625,-18.09765625,23.1025390625,0.6806640625,
0.363,-20.66015625,20.7001953125,5.205078125,
0.3635,-22.5419921875,16.65625,9.2490234375,
0.364,-23.1025390625,12.8125,12.6923828125,
0.3645,-24.18359375,11.1708984375,15.5751953125,
0.365,-22.7021484375,6.2861328125,17.8173828125,
0.3655,-21.701171875,2.7626953125,19.1787109375,
0.366,-18.8583984375,-2.482421875,20.2998046875,
0.3665,-16.7763671875,-7.3671875,21.9814453125,
0.367,-12.01171875,-11.9716796875,21.060546875,
0.3675,-9.609375,-15.4150390625,21.2607421875,
0.368,-4.8046875,-18.177734375,18.6181640625,
0.3685,0.0400390625,-20.98046875,15.8955078125,
0.369,4.7646484375,-22.5419921875,12.4521484375,
0.3695,9.5693359375,-24.3037109375,9.0087890625,
0.37,13.1328125,-24.6240234375,5.525390625,
0.3705,16.5361328125,-23.8232421875,1.361328125,
0.371,18.578125,-22.7822265625,-1.6015625,
0.3715,21.0205078125,-20.1396484375,-6.166015625,
0.372,22.7822265625,-17.2568359375,-10.009765625,
0.3725,22.7822265625,-12.97265625,-13.3330078125,
0.373,23.703125,-10.650390625,-15.4951171875,
0.3735,21.8212890625,-5.685546875,-17.4169921875,
0.374,19.21875,-2.0419921875,-18.658203125,
0.3745,17.697265625,2.8828125,-19.6591796875,
0.375,15.0546875,8.1279296875,-21.060546875,
0.3755,10.7705078125,12.171875,-20.099609375,
0.376,6.40625,15.53515625,-19.619140625,
0.3765,3.68359375,17.6572265625,-17.1767578125,
0.377,-2.5625,20.419921875,-14.4140625,
0.3775,-5.685546875,22.0615234375,-11.2109375,
0.378,-10.5302734375,23.302734375,-7.287109375,
0.3785,-13.373046875,23.9033203125,-4.8447265625,
0.379,-16.81640625,22.4619140625,0.0400390625,
0.3795,-18.498046875,21.380859375,1.28125,
0.38,-20.8203125,18.73828125,7.046875,
0.3805,-22.58203125,15.775390625,10.890625,
0.381,-22.341796875,11.451171875,13.9736328125,
0.3815,-23.1025390625,9.0087890625,16.17578125,
0.382,-21.220703125,4.5244140625,17.6171875,
0.3825,-19.859375,0.400390625,17.9375,
0.383,-17.296875,-4.244140625,20.1396484375,
0.3835,-14.173828125,-9.609375,21.380859375,
0.384,-10.8505859375,-14.09375,20.5400390625,
0.3845,-6.646484375,-16.576171875,19.4189453125,
0.385,-3.0029296875,-18.2578125,16.9365234375,
0.3855,2.1220703125,-21.220703125,14.1337890625,
0.386,6.6064453125,-22.7822265625,10.8505859375,
0.3865,11.4111328125,-23.623046875,6.6865234375,
0.387,13.853515625,-24.18359375,4.5244140625,
0.3875,17.376953125,-22.4619140625,-0.5205078125,
0.388,19.2587890625,-21.060546875,-3.5234375,
0.3885,21.2607421875,-18.41796875,-7.607421875,
0.389,21.78125,-15.0546875,-11.771484375,
0.3895,22.4619140625,-11.0107421875,-14.25390625,
0.39,22.822265625,-8.0078125,-16.576171875,
0.3905,20.580078125,-3.603515625,-17.6572265625,
0.391,18.978515625,1.041015625,-19.5791015625,
0.3915,15.8955078125,5.765625,-20.01953125,
0.392,12.251953125,11.37109375,-20.98046875,
0.3925,9.2490234375,13.93359375,-19.939453125,
0.393,4.244140625,17.77734375,-18.09765625,
0.3935,0.6005859375,19.2587890625,-15.3349609375,
0.394,-4.484375,22.0615234375,-12.5322265625,
0.3945,-9.12890625,23.302734375,-8.728515625,
0.395,-13.373046875,23.703125,-4.7646484375,
0.3955,-15.85546875,23.7431640625,-2.162109375,
0.396,-18.9384765625,21.62109375,2.7626953125,
0.3965,-20.8603515625,19.69921875,6.2060546875,
0.397,-22.1416015625,16.6962890625,9.76953125,
0.3975,-23.703125,12.97265625,13.9736328125,
0.398,-22.7421875,9.048828125,15.8154296875,
0.3985,-22.5419921875,5.3251953125,18.09765625,
0.399,-20.1396484375,1.1611328125,18.818359375,
0.3995,-18.3779296875,-3.7236328125,20.7802734375,
0.4,-14.8544921875,-8.16796875,20.740234375,
0.4005,-11.37109375,-13.1728515625,21.380859375,
0.401,-8.248046875,-15.6552734375,20.0595703125,
0.4015,-2.8427734375,-19.138671875,17.45703125,
0.402,1.0810546875,-20.6201171875,14.6142578125,
0.4025,5.685546875,-22.982421875,11.8515625,
0.403,10.490234375,-24.0234375,7.84765625,
0.4035,13.853515625,-23.8232421875,4.1640625,
0.404,16.6962890625,-23.7431640625,1.1611328125,
0.4045,17.9375,-21.4208984375,-3.283203125,
0.405,21.4208984375,-19.298828125,-7.0869140625,
0.4055,22.0615234375,-16.015625,-10.2099609375,
0.406,23.5830078125,-12.572265625,-14.2138671875,
0.4065,22.421875,-8.728515625,-15.85546875,
0.407,21.6611328125,-4.6845703125,-18.0576171875,
0.4075,19.2587890625,-0.48046875,-18.578125,
0.408,17.45703125,4.5244140625,-20.5400390625,
0.4085,13.3330078125,9.208984375,-20.259765625,
0.409,10.1298828125,13.4130859375,-20.4599609375,
0.4095,6.646484375,16.1357421875,-19.05859375,
0.41,1.44140625,19.1787109375,-16.255859375,
0.4105,-2.8427734375,20.9404296875,-13.2529296875,
0.411,-7.1669921875,22.7421875,-11.53125,
0.4115,-11.931640625,24.0234375,-6.4462890625,
0.412,-14.8544921875,23.142578125,-2.642578125,
0.4125,-17.77734375,22.822265625,0.640625,
0.413,-19.939453125,20.33984375,4.8046875,
0.4135,-22.26171875,17.9775390625,8.8486328125,
0.414,-22.341796875,14.0537109375,11.931640625,
0.4145,-23.7431640625,11.05078125,15.3349609375,
0.415,-22.421875,6.7265625,17.0966796875,
0.4155,-21.2607421875,2.6025390625,18.978515625,
0.416,-18.73828125,-1.8818359375,19.8193359375,
0.4165,-16.736328125,-6.7265625,21.5009765625,
0.417,-12.4921875,-11.451171875,21.1005859375,
0.4175,-9.208984375,-15.0146484375,20.66015625,
0.418,-5.365234375,-17.6572265625,18.8583984375,
0.4185,0.0400390625,-21.78125,15.7353515625,
0.419,4.5244140625,-22.4619140625,12.6923828125,
0.4195,9.0087890625,-23.6630859375,9.0087890625,
0.42,13.0126953125,-24.9443359375,6.0458984375,
0.4205,16.17578125,-23.54296875,1.521484375,
0.421,18.6982421875,-22.822265625,-1.6015625,
0.4215,20.900390625,-20.01953125,-6.0859375,
0.422,23.1025390625,-17.537109375,-10.0498046875,
0.4225,22.7822265625,-13.0927734375,-13.1728515625,
0.423,23.8232421875,-10.41015625,-15.8154296875,
0.4235,22.1416015625,-5.8857421875,-17.4169921875,
0.424,20.5400390625,-1.4013671875,-19.1787109375,
0.4245,17.7373046875,3.4033203125,-20.01953125,
0.425,14.89453125,8.6484375,-21.30078125,
0.4255,11.05078125,11.53125,-20.8203125,
0.426,7.0869140625,16.3359375,-19.6591796875,
0.4265,3.4033203125,18.4580078125,-17.537109375,
0.427,-2.08203125,21.220703125,-14.25390625,
0.4275,-6.7265625,23.22265625,-11.130859375,
0.428,-11.4912109375,23.8232421875,-6.6865234375,
0.4285,-14.57421875,24.9443359375,-4.4443359375,
0.429,-17.857421875,22.982421875,0.640625,
0.4295,-19.939453125,20.5,3.7236328125,
0.43,-21.9814453125,18.73828125,8.087890625,
0.4305,-23.943359375,15.7353515625,12.1318359375,
0.431,-23.3427734375,11.130859375,15.0546875,
0.4315,-23.8232421875,8.1279296875,17.45703125,
0.432,-21.94140625,4.00390625,18.578125,
0.4325,-20.099609375,-0.9609375,20.3798828125,
0.433,-17.2568359375,-5.685546875,21.140625,
0.4335,-13.7333984375,-11.05078125,21.9814453125,
0.434,-10.73046875,-14.25390625,21.5009765625,
0.4345,-5.7255859375,-17.9775390625,19.5390625,
0.435,-2.162109375,-19.7392578125,16.9765625,
0.4355,3.4033203125,-22.4619140625,13.7734375,
0.436,8.16796875,-24.3037109375,10.41015625,
0.4365,12.6923828125,-24.3837890625,5.765625,
0.437,15.294921875,-25.14453125,3.763671875,
0.4375,18.5380859375,-24.34375,-1.361328125,
0.438,20.66015625,-21.5009765625,-4.7646484375,
0.4385,22.3818359375,-18.41796875,-8.80859375,
0.439,24.18359375,-15.0546875,-12.97265625,
0.4395,23.3828125,-10.890625,-15.21484375,
0.44,23.3828125,-7.287109375,-17.6572265625,
0.4405,21.2607421875,-3.3232421875,-18.41796875,
0.441,19.2587890625,1.9619140625,-20.3798828125,
0.4415,15.9755859375,6.806640625,-20.8603515625,
0.442,11.8916015625,12.2919921875,-21.380859375,
0.4425,9.369140625,14.89453125,-20.740234375,
0.443,2.5625,18.578125,-18.2177734375,
0.4435,0.240234375,20.1796875,-15.53515625,
0.444,-5.0048828125,22.7021484375,-12.412109375,
0.4445,-10.0498046875,24.4638671875,-8.728515625,
0.445,-13.9736328125,24.1435546875,-4.3642578125,
0.4455,-16.6962890625,24.4638671875,-1.76171875,
0.446,-19.4189453125,22.0615234375,2.962890625,
0.4465,-21.701171875,20.099609375,6.7666015625,
0.447,-22.8623046875,16.6962890625,10.41015625,
0.4475,-24.4638671875,13.0126953125,14.734375,
0.448,-23.54296875,9.3291015625,16.416015625,
0.4485,-22.982421875,5.0849609375,18.8583984375,
0.449,-20.740234375,1.361328125,19.2587890625,
0.4495,-18.6982421875,-4.00390625,21.30078125,
0.45,-15.134765625,-8.9287109375,21.62109375,
0.4505,-11.130859375,-13.8134765625,21.6611328125,
0.451,-8.48828125,-16.2958984375,20.8203125,
0.4515,-2.642578125,-19.6591796875,17.697265625,
0.452,1.361328125,-21.380859375,14.89453125,
0.4525,6.005859375,-23.4228515625,11.8115234375,
0.453,11.291015625,-25.1044921875,7.84765625,
0.4535,14.4140625,-25.625,3.9638671875,
0.454,17.537109375,-24.3837890625,0.7607421875,
0.4545,19.69921875,-21.94140625,-3.5234375,
0.455,22.3017578125,-19.779296875,-8.96875,
0.4555,22.7822265625,-16.1357421875,-10.9306640625,
0.456,24.263671875,-12.412109375,-15.0146484375,
0.4565,23.22265625,-8.888671875,-16.3759765625,
0.457,22.1015625,-4.1640625,-18.6982421875,
0.4575,19.7392578125,-0.2802734375,-19.1787109375,
0.458,17.6171875,4.96484375,-21.060546875,
0.4585,13.533203125,10.1298828125,-21.1806640625,
0.459,9.76953125,14.25390625,-20.7802734375,
0.4595,6.6865234375,16.9765625,-19.6591796875,
0.46,1.12109375,19.8994140625,-16.3759765625,
0.4605,-3.36328125,21.94140625,-13.453125,
0.461,-8.96875,23.3427734375,-10.1298828125,
0.4615,-12.8525390625,25.0244140625,-6.326171875,
0.462,-15.5751953125,23.783203125,-2.40234375,
0.4625,-18.818359375,23.3828125,1.1611328125,
0.463,-20.6201171875,20.7001953125,5.205078125,
0.4635,-23.22265625,18.2978515625,9.5693359375,
0.464,-23.2626953125,14.2138671875,11.53125,
0.4645,-24.4638671875,10.73046875,16.2958984375,
0.465,-23.302734375,6.9267578125,17.8173828125,
0.4655,-21.7412109375,2.1220703125,19.8193359375,
0.466,-19.1787109375,-2.2822265625,19.21875,
0.4665,-16.8564453125,-7.287109375,21.9814453125,
0.467,-12.7724609375,-12.2919921875,22.0615234375,
0.4675,-8.8486328125,-15.85546875,20.98046875,
0.468,-5.2451171875,-18.578125,19.37890625,
0.4685,0.3603515625,-21.220703125,15.85546875,
0.469,3.84375,-23.462890625,12.8525390625,
0.4695,9.4892578125,-24.18359375,8.8486328125,
0.47,13.8935546875,-25.9052734375,5.8056640625,
0.4705,16.736328125,-24.1435546875,1.3212890625,
0.471,19.5791015625,-23.3427734375,-2.2421875,
0.4715,21.5009765625,-20.33984375,-6.486328125,
0.472,23.783203125,-17.7373046875,-10.5703125,
0.4725,23.462890625,-13.1728515625,-13.7734375,
0.473,24.2236328125,-9.9697265625,-16.576171875,
0.4735,22.822265625,-6.005859375,-19.21875,
0.474,20.7802734375,-1.0009765625,-19.7392578125,
0.4745,18.09765625,3.603515625,-21.78125,
0.475,14.89453125,8.8486328125,-21.4609375,
0.4755,11.291015625,13.29296875,-21.4609375,
0.476,6.8466796875,15.375,-19.7392578125,
0.4765,3.3232421875,18.978515625,-17.77734375,
0.477,-2.162109375,21.4609375,-14.2939453125,
0.4775,-6.88671875,23.7431640625,-11.291015625,
0.478,-12.8125,23.8232421875,-6.646484375,
0.4785,-14.89453125,25.1845703125,-4.3642578125,
0.479,-17.857421875,23.1826171875,0.4404296875,
0.4795,-20.259765625,21.94140625,3.923828125,
0.48,-22.021484375,18.8984375,8.1279296875,
0.4805,-23.9833984375,15.8955078125,12.1318359375,
0.481,-23.5830078125,11.4912109375,15.0947265625,
0.4815,-23.703125,7.927734375,17.6171875,
0.482,-22.26171875,4.3642578125,18.578125,
0.4825,-20.0595703125,-0.880859375,20.3798828125,
0.483,-17.45703125,-5.4853515625,21.2607421875,
0.4835,-13.693359375,-10.6904296875,21.62109375,
0.484,-11.130859375,-14.173828125,21.8212890625,
0.4845,-5.92578125,-17.6171875,19.4189453125,
0.485,-2.3623046875,-19.6591796875,17.1767578125,
0.4855,3.0029296875,-22.021484375,13.7734375,
0.486,7.84765625,-25.625,10.73046875,
0.4865,12.2119140625,-24.0634765625,5.9658203125,
0.487,15.134765625,-25.0244140625,3.7236328125,
0.4875,17.857421875,-24.34375,-0.6806640625,
0.488,20.3798828125,-21.4609375,-4.484375,
0.4885,21.94140625,-18.3779296875,-8.4482421875,
0.489,23.623046875,-15.0546875,-12.4521484375,
0.4895,23.3828125,-11.3310546875,-14.89453125,
0.49,22.90234375,-7.20703125,-17.4169921875,
0.4905,21.30078125,-3.923828125,-18.017578125,
0.491,19.05859375,1.521484375,-19.8994140625,
0.4915,16.17578125,6.486328125,-20.8603515625,
0.492,11.8115234375,11.611328125,-20.7802734375,
0.4925,9.76953125,14.5341796875,-20.8203125,
0.493,4.244140625,17.8974609375,-18.09765625,
0.4935,0.6005859375,19.8193359375,-15.7353515625,
0.494,-4.484375,21.9814453125,-12.4521484375,
0.4945,-9.609375,24.18359375,-9.048828125,
0.495,-13.373046875,23.703125,-4.7646484375,
0.4955,-16.4560546875,24.103515625,-1.841796875,
0.496,-18.6181640625,22.1015625,2.162109375,
0.4965,-21.2607421875,20.01953125,5.125,
0.497,-22.501953125,16.6962890625,10.169921875,
0.4975,-23.8232421875,12.8525390625,14.25390625,
0.498,-23.5830078125,9.7294921875,16.095703125,
0.4985,-22.5419921875,5.0048828125,18.578125,
0.499,-20.7802734375,1.8017578125,18.978515625,
0.4995,-18.5380859375,-3.68359375,20.8603515625,
0.5,-15.294921875,-8.80859375,21.7412109375,
0.5005,-10.9306640625,-13.4130859375,21.1806640625,
0.501,-8.6884765625,-16.0556640625,20.8603515625,
0.5015,-3.04296875,-19.05859375,17.6171875,
0.502,1.201171875,-21.2607421875,15.0146484375,
0.5025,5.765625,-23.0224609375,11.6513671875,
0.503,11.1708984375,-24.984375,7.84765625,
0.5035,14.0537109375,-24.18359375,4.1640625,
0.504,17.4970703125,-24.0234375,0.6005859375,
0.5045,19.2587890625,-21.861328125,-3.04296875,
0.505,22.021484375,-19.5390625,-7.52734375,
0.5055,22.7421875,-15.9755859375,-10.970703125,
0.506,23.7431640625,-12.01171875,-14.7744140625,
0.5065,23.3427734375,-9.12890625,-16.255859375,
0.507,21.701171875,-4.1240234375,-18.3779296875,
0.5075,19.6591796875,-0.48046875,-18.8984375,
0.508,17.296875,4.64453125,-20.4599609375,
0.5085,13.5732421875,10.08984375,-21.220703125,
0.509,9.5693359375,13.8134765625,-20.1796875,
0.5095,6.6064453125,16.81640625,-19.4990234375,
0.51,1.44140625,19.0986328125,-16.1357421875,
0.5105,-3.1630859375,21.5009765625,-13.4130859375,
0.511,-7.3271484375,22.5419921875,-9.9296875,
0.5115,-12.5322265625,24.423828125,-6.2060546875,
0.512,-14.89453125,23.3828125,-2.72265625,
0.5125,-18.2578125,22.7421875,1.201171875,
0.513,-19.6591796875,20.4599609375,4.5244140625,
0.5135,-22.181640625,17.9775390625,8.8486328125,
0.514,-22.7021484375,12.8125,12.3720703125,
0.5145,-23.22265625,10.3701171875,15.53515625,
0.515,-22.90234375,7.4072265625,17.0966796875,
0.5155,-20.8203125,1.28125,18.6982421875,
0.516,-18.8984375,-1.44140625,19.619140625,
0.5165,-16.3759765625,-6.0859375,20.6201171875,
0.517,-12.8525390625,-11.451171875,21.5009765625,
0.5175,-9.0888671875,-14.4140625,20.01953125,
0.518,-5.4853515625,-17.537109375,18.8583984375,
0.5185,-0.7607421875,-19.4990234375,15.53515625,
0.519,3.923828125,-22.2216796875,13.0126953125,
0.5195,8.0078125,-22.7021484375,9.12890625,
0.52,12.572265625,-25.625,6.0458984375,
0.5205,15.0146484375,-23.3427734375,1.28125,
0.521,18.09765625,-22.2216796875,-1.521484375,
0.5215,19.69921875,-19.8994140625,-4.96484375,
0.522,21.861328125,-17.4169921875,-8.9287109375,
0.5225,22.501953125,-13.4931640625,-12.5322265625,
0.523,22.58203125,-10.009765625,-15.0546875,
0.5235,22.26171875,-6.966796875,-16.6962890625,
0.524,19.8994140625,-2.0419921875,-18.177734375,
0.5245,18.0576171875,2.40234375,-19.4990234375,
0.525,14.6943359375,7.0869140625,-19.8994140625,
0.5255,11.69140625,11.931640625,-20.9404296875,
0.526,7.5673828125,14.814453125,-19.0986328125,
0.5265,3.8037109375,17.8173828125,-17.537109375,
0.527,-0.9609375,19.6591796875,-14.2138671875,
0.5275,-5.685546875,22.4619140625,-11.7314453125,
0.528,-10.08984375,22.7021484375,-7.2470703125,
0.5285,-13.8134765625,23.9833984375,-4.5244140625,
0.529,-16.4560546875,22.822265625,-0.8408203125,
0.5295,-19.2587890625,21.220703125,3.3232421875,
0.53,-20.98046875,18.578125,7.1669921875,
0.5305,-22.6220703125,15.5751953125,10.970703125,
0.531,-23.2626953125,11.8515625,14.3740234375,
0.5315,-22.7421875,7.84765625,16.6962890625,
0.532,-22.0615234375,4.8046875,17.9775390625,
0.5325,-19.4990234375,-0.48046875,19.4990234375,
0.533,-17.4169921875,-6.40625,20.98046875,
0.5335,-13.3330078125,-9.9697265625,20.7802734375,
0.534,-11.05078125,-13.8935546875,21.541015625,
0.5345,-6.1259765625,-16.9365234375,19.0986328125,
0.535,-2.0419921875,-19.5791015625,16.9365234375,
0.5355,2.8828125,-21.4208984375,13.453125,
0.536,7.7275390625,-23.9033203125,10.6103515625,
0.5365,11.931640625,-23.7431640625,6.1259765625,
0.537,15.0947265625,-24.3037109375,3.3232421875,
0.5375,17.6171875,-23.0224609375,-0.3603515625,
0.538,20.259765625,-20.98046875,-4.64453125,
0.5385,21.861328125,-17.9775390625,-8.568359375,
0.539,22.982421875,-14.4541015625,-12.2119140625,
0.5395,23.5029296875,-11.451171875,-14.814453125,
0.54,22.3017578125,-6.806640625,-17.0166015625,
0.5405,21.140625,-3.68359375,-17.9775390625,
0.541,18.4580078125,1.6015625,-19.37890625,
0.5415,16.015625,6.646484375,-20.8203125,
0.542,11.37109375,11.37109375,-20.1396484375,
0.5425,9.369140625,14.5341796875,-20.5400390625,
0.543,4.244140625,17.376953125,-17.77734375,
0.5435,0.2001953125,19.8994140625,-15.4150390625,
0.544,-4.564453125,21.62109375,-11.9716796875,
0.5445,-9.529296875,23.703125,-8.6884765625,
0.545,-13.052734375,23.5830078125,-4.9248046875,
0.5455,-16.3359375,23.3828125,-1.361328125,
0.546,-18.2177734375,22.021484375,1.76171875,
0.5465,-20.7802734375,19.619140625,6.24609375,
0.547,-22.26171875,16.5361328125,10.08984375,
0.5475,-22.90234375,12.4921875,13.7333984375,
0.548,-23.5029296875,10.08984375,15.775390625,
0.5485,-21.861328125,5.0048828125,17.9775390625,
0.549,-20.6201171875,1.841796875,18.818359375,
0.5495,-18.017578125,-3.2431640625,20.1396484375,
0.55,-15.294921875,-8.568359375,21.4609375,
0.5505,-11.0107421875,-12.65234375,20.580078125,
0.551,-8.4482421875,-15.85546875,20.4599609375,
0.5515,-3.5634765625,-18.2578125,17.4970703125,
0.552,1.041015625,-20.9404296875,14.974609375,
0.5525,5.4453125,-22.3818359375,11.611328125,
0.553,10.6103515625,-24.1435546875,7.84765625,
0.5535,13.373046875,-24.1435546875,4.96484375,
0.554,17.056640625,-23.3427734375,0.5205078125,
0.5545,18.658203125,-21.9013671875,-2.3623046875,
0.555,21.30078125,-19.3388671875,-6.9267578125,
0.5555,22.662109375,-16.0556640625,-10.73046875,
0.556,22.9423828125,-11.8515625,-14.173828125,
0.5565,23.4228515625,-9.529296875,-15.9755859375,
0.557,21.30078125,-4.32421875,-19.21875,
0.5575,19.8193359375,-0.560546875,-19.0185546875,
0.558,16.9765625,4.32421875,-20.01953125,
0.5585,13.693359375,10.009765625,-21.380859375,
0.559,9.76953125,13.453125,-20.1396484375,
0.5595,6.24609375,17.056640625,-19.4189453125,
0.56,1.681640625,18.978515625,-16.2958984375,
0.5605,-3.36328125,21.861328125,-13.533203125,
0.561,-7.607421875,22.90234375,-9.8896484375,
0.5615,-12.892578125,24.423828125,-5.8857421875,
0.562,-15.21484375,24.0634765625,-3.04296875,
0.5625,-18.978515625,22.7822265625,1.841796875,
0.563,-20.33984375,20.740234375,4.884765625,
0.5635,-22.662109375,17.9775390625,9.2890625,
0.564,-23.6630859375,14.173828125,13.0927734375,
0.5645,-23.54296875,10.009765625,15.9755859375,
0.565,-23.623046875,7.126953125,17.8173828125,
0.5655,-21.1005859375,1.921875,19.3388671875,
0.566,-20.5,-3.84375,20.5400390625,
0.5665,-16.2158203125,-7.0869140625,21.140625,
0.567,-12.732421875,-12.6923828125,22.26171875,
0.5675,-8.888671875,-15.4150390625,20.5400390625,
0.568,-4.484375,-19.05859375,19.05859375,
0.5685,0.16015625,-20.7001953125,15.5751953125,
0.569,5.205078125,-23.54296875,11.53125,
0.5695,9.4091796875,-23.943359375,8.6884765625,
0.57,14.013671875,-25.1044921875,5.0849609375,
0.5705,16.416015625,-24.423828125,1.9619140625,
0.571,19.8193359375,-22.662109375,-2.9228515625,
0.5715,21.3408203125,-20.259765625,-6.3662109375,
0.572,23.0224609375,-17.296875,-10.2099609375,
0.5725,23.943359375,-13.4130859375,-13.93359375,
0.573,23.22265625,-9.4091796875,-16.1357421875,
0.5735,23.0224609375,-6.1259765625,-18.017578125,
0.574,20.2197265625,-1.041015625,-19.138671875,
0.5745,18.2978515625,3.603515625,-20.740234375,
0.575,14.4541015625,8.2080078125,-21.78125,
0.5755,11.3310546875,13.29296875,-21.5009765625,
0.576,7.20703125,15.9755859375,-19.4990234375,
0.5765,2.642578125,19.3388671875,-17.537109375,
0.577,-1.841796875,20.8203125,-15.375,
0.5775,-6.646484375,23.5029296875,-11.451171875,
0.578,-11.05078125,23.7431640625,-7.0068359375,
0.5785,-14.7744140625,24.3837890625,-3.68359375,
0.579,-17.4169921875,23.6630859375,-0.3603515625,
0.5795,-20.1796875,21.5009765625,4.244140625,
0.58,-21.94140625,18.8984375,8.0078125,
0.5805,-23.0224609375,15.53515625,11.5712890625,
0.581,-24.18359375,11.9716796875,15.1748046875,
0.5815,-23.0224609375,6.40625,17.216796875,
0.582,-22.501953125,4.32421875,18.8984375,
0.5825,-19.69921875,-0.8408203125,19.939453125,
0.583,-17.8974609375,-5.60546875,21.701171875,
0.5835,-13.4931640625,-11.53125,21.1005859375,
0.584,-10.9306640625,-14.4140625,21.861328125,
0.5845,-6.3662109375,-17.296875,19.5390625,
0.585,-1.5615234375,-20.33984375,17.13671875,
0.5855,3.203125,-22.021484375,13.5732421875,
0.586,7.9677734375,-25.625,10.650390625,
0.5865,12.33203125,-24.5439453125,6.3662109375,
0.587,15.53515625,-24.50390625,2.962890625,
0.5875,18.1376953125,-23.703125,-0.3603515625,
0.588,20.8203125,-21.2607421875,-5.0048828125,
0.5885,22.7421875,-18.4580078125,-9.0087890625,
0.589,23.2626953125,-14.57421875,-12.4921875,
0.5895,23.0625,-11.6513671875,-16.65625,
0.59,22.7421875,-6.7666015625,-17.45703125,
0.5905,21.701171875,-3.2431640625,-18.8984375,
0.591,18.73828125,2.0419921875,-20.01953125,
0.5915,16.416015625,7.20703125,-21.6611328125,
0.592,10.25,11.931640625,-20.66015625,
0.5925,9.048828125,14.09375,-20.8603515625,
0.593,4.3642578125,18.1376953125,-18.2578125,
0.5935,-0.48046875,20.9404296875,-15.6552734375,
0.594,-5.28515625,22.58203125,-11.9716796875,
0.5945,-11.53125,24.3837890625,-8.4482421875,
0.595,-13.93359375,24.6640625,-4.8447265625,
0.5955,-17.216796875,23.783203125,-0.6806640625,
0.596,-19.298828125,22.662109375,2.4423828125,
0.5965,-21.8212890625,19.939453125,7.0869140625,
0.597,-23.54296875,16.81640625,11.05078125,
0.5975,-23.54296875,12.2919921875,14.494140625,
0.598,-24.423828125,9.9296875,16.6962890625,
0.5985,-22.421875,4.64453125,18.6982421875,
0.599,-21.1005859375,0.9609375,19.8994140625,
0.5995,-18.2177734375,-4.1240234375,20.900390625,
0.6,-15.455078125,-9.44921875,22.3818359375,
0.6005,-11.0107421875,-13.4931640625,21.220703125,
0.601,-7.8876953125,-16.896484375,20.7001953125,
0.6015,-3.3232421875,-19.1787109375,17.857421875,
0.602,1.8017578125,-22.021484375,15.0146484375,
0.6025,5.125,-23.5029296875,11.451171875,
0.603,10.25,-24.82421875,7.3671875,
0.6035,14.25390625,-25.14453125,4.6845703125,
0.604,17.9775390625,-23.703125,-0.2802734375,
0.6045,19.7392578125,-22.421875,-3.04296875,
0.605,22.1416015625,-19.5791015625,-8.96875,
0.6055,23.7431640625,-16.3359375,-11.6513671875,
0.606,23.5029296875,-11.69140625,-14.89453125,
0.6065,24.0634765625,-9.369140625,-16.7763671875,
0.607,21.8212890625,-4.2041015625,-18.498046875,
0.6075,20.2197265625,0.0400390625,-19.8994140625,
0.608,17.1767578125,4.96484375,-20.6201171875,
0.6085,13.7333984375,10.73046875,-21.861328125,
0.609,9.9697265625,13.9736328125,-20.6201171875,
0.6095,5.8056640625,17.697265625,-19.4990234375,
0.61,1.7216796875,19.4990234375,-16.576171875,
0.6105,-3.603515625,22.4619140625,-13.6533203125,
0.611,-8.087890625,23.623046875,-9.9296875,
0.6115,-13.212890625,24.6640625,-5.60546875,
0.612,-15.53515625,24.7041015625,-3.1630859375,
0.6125,-19.298828125,22.90234375,2.1220703125,
0.613,-20.8203125,21.140625,3.84375,
0.6135,-22.822265625,18.09765625,9.4091796875,
0.614,-24.3037109375,14.494140625,13.4931640625,
0.6145,-23.623046875,10.0498046875,16.095703125,
0.615,-23.86328125,7.046875,18.2177734375,
0.6155,-21.380859375,2.08203125,19.37890625,
0.616,-19.5791015625,-3.84375,21.1005859375,
0.6165,-16.3359375,-7.126953125,21.3408203125,
0.617,-12.732421875,-14.09375,22.4619140625,
0.6175,-9.2490234375,-15.4150390625,20.900390625,
0.618,-4.1640625,-19.2587890625,18.978515625,
0.6185,-0.1201171875,-20.740234375,15.8154296875,
0.619,5.044921875,-23.54296875,12.892578125,
0.6195,9.529296875,-24.3037109375,8.9287109375,
0.62,13.93359375,-24.904296875,4.884765625,
0.6205,16.416015625,-24.744140625,2.2021484375,
0.621,19.7392578125,-22.58203125,-2.9228515625,
0.6215,21.4609375,-20.4599609375,-6.326171875,
0.622,22.7822265625,-17.376953125,-9.9296875,
0.6225,24.2236328125,-13.7333984375,-14.0537109375,
0.623,23.142578125,-9.609375,-15.9755859375,
0.6235,22.9423828125,-6.0859375,-18.177734375,
0.624,20.2998046875,-1.4013671875,-18.9384765625,
0.6245,18.4580078125,3.5234375,-20.7802734375,
0.625,14.654296875,8.0478515625,-21.78125,
0.6255,11.2109375,13.1728515625,-21.30078125,
0.626,7.7275390625,15.6953125,-19.779296875,
0.6265,2.5224609375,19.2587890625,-17.4169921875,
0.627,-1.5615234375,20.7001953125,-14.25390625,
0.6275,-6.2861328125,23.1025390625,-11.451171875,
0.628,-10.9306640625,23.943359375,-7.3271484375,
0.6285,-14.5341796875,23.9833984375,-3.6435546875,
0.629,-17.296875,23.703125,-0.560546875,
0.6295,-19.939453125,21.3408203125,4.083984375,
0.63,-22.021484375,19.0986328125,7.84765625,
0.6305,-22.662109375,15.5751953125,11.130859375,
0.631,-24.18359375,12.091796875,15.0546875,
0.6315,-22.90234375,7.9677734375,16.7763671875,
0.632,-22.341796875,4.1240234375,18.978515625,
0.6325,-19.7392578125,-0.400390625,19.6591796875,
0.633,-17.9775390625,-5.28515625,21.62109375,
0.6335,-13.7734375,-9.8896484375,21.060546875,
0.634,-10.73046875,-14.173828125,21.5009765625,
0.6345,-6.88671875,-16.9365234375,19.779296875,
0.635,-1.521484375,-20.1796875,16.9765625,
0.6355,2.8828125,-21.8212890625,13.7734375,
0.636,7.4873046875,-23.7431640625,10.650390625,
0.6365,12.0517578125,-24.6640625,6.806640625,
0.637,15.21484375,-24.0234375,2.9228515625,
0.6375,18.017578125,-23.6630859375,-0.2802734375,
0.638,19.21875,-21.1005859375,-4.8046875,
0.6385,22.662109375,-18.6181640625,-8.80859375,
0.639,22.7822265625,-14.6943359375,-12.01171875,
0.6395,24.1435546875,-11.8115234375,-15.21484375,
0.64,22.58203125,-7.1669921875,-17.0166015625,
0.6405,21.5009765625,-3.04296875,-18.8583984375,
0.641,18.658203125,1.76171875,-19.69921875,
0.6415,16.416015625,6.8466796875,-21.380859375,
0.642,11.8916015625,11.4912109375,-20.6201171875,
0.6425,8.7685546875,15.0947265625,-20.419921875,
0.643,4.8447265625,17.697265625,-18.41796875,
0.6435,-0.48046875,20.580078125,-15.4150390625,
0.644,-6.40625,22.3818359375,-12.091796875,
0.6445,-9.7294921875,23.703125,-8.3681640625,
0.645,-13.533203125,24.6640625,-5.28515625,
0.6455,-17.9375,23.2626953125,-0.80078125,
0.646,-19.05859375,22.4619140625,2.2822265625,
0.6465,-21.2607421875,19.5390625,6.7265625,
0.647,-23.302734375,16.81640625,10.73046875,
0.6475,-22.90234375,12.251953125,13.853515625,
0.648,-23.943359375,9.76953125,16.3759765625,
0.6485,-22.181640625,5.205078125,17.9775390625,
0.649,-20.740234375,1.0009765625,19.619140625,
0.6495,-19.21875,-3.8037109375,20.3798828125,
0.65,-15.2548828125,-8.8486328125,21.6611328125,
0.6505,-11.37109375,-12.7724609375,21.0205078125,
0.651,-7.607421875,-16.255859375,20.01953125,
0.6515,-3.8837890625,-18.3779296875,17.77734375,
0.652,1.44140625,-21.1005859375,14.6943359375,
0.6525,5.92578125,-22.982421875,11.5712890625,
0.653,10.5703125,-23.54296875,7.3271484375,
0.6535,13.4931640625,-24.6640625,5.205078125,
0.654,16.7763671875,-22.90234375,0.3203125,
0.6545,18.8984375,-21.9013671875,-2.6826171875,
0.655,20.98046875,-19.0986328125,-7.0068359375,
0.6555,22.90234375,-16.3359375,-10.8505859375,
0.656,22.4619140625,-11.931640625,-13.693359375,
0.6565,23.0224609375,-9.208984375,-15.9755859375,
0.657,21.30078125,-6.40625,-17.216796875,
0.6575,19.619140625,-0.560546875,-18.9384765625,
0.658,16.896484375,4.1640625,-19.8193359375,
0.6585,13.453125,9.4091796875,-20.5400390625,
0.659,10.650390625,12.65234375,-20.2998046875,
0.6595,5.92578125,16.3359375,-18.578125,
0.66,2.6826171875,18.0576171875,-16.49609375,
0.6605,-2.6025390625,20.8203125,-13.4130859375,
0.661,-7.20703125,22.822265625,-10.3701171875,
0.6615,-11.8115234375,21.78125,-5.845703125,
0.662,-14.3740234375,23.9033203125,-5.125,
0.6625,-17.537109375,22.021484375,0.9609375,
0.663,-19.69921875,20.6201171875,4.244140625,
0.6635,-21.4609375,17.6572265625,8.248046875,
0.664,-23.1826171875,14.494140625,12.33203125,
0.6645,-22.7021484375,10.5703125,14.7744140625,
0.665,-22.7421875,7.046875,17.296875,
0.6655,-20.98046875,3.4033203125,18.0576171875,
0.666,-19.1787109375,-1.76171875,20.099609375,
0.6665,-16.255859375,-7.6875,20.8203125,
0.667,-12.3720703125,-11.69140625,21.30078125,
0.6675,-10.009765625,-14.333984375,20.8203125,
0.668,-4.484375,-18.0576171875,18.41796875,
0.6685,-0.880859375,-19.779296875,15.8955078125,
0.669,4.1640625,-22.26171875,12.8525390625,
0.6695,9.048828125,-24.0234375,9.3291015625,
0.67,12.97265625,-23.8232421875,3.84375,
0.6705,15.775390625,-24.3037109375,1.28125,
0.671,18.578125,-22.1015625,-2.1220703125,
0.6715,20.9404296875,-20.2998046875,-5.8857421875,
0.672,22.021484375,-17.056640625,-9.369140625,
0.6725,23.6630859375,-13.4931640625,-13.533203125,
0.673,22.7822265625,-9.9296875,-15.21484375,
0.6735,22.26171875,-5.7255859375,-17.7373046875,
0.674,20.0595703125,-1.921875,-18.2177734375,
0.6745,18.09765625,3.2431640625,-20.2197265625,
0.675,14.5341796875,8.1279296875,-21.78125,
0.6755,10.6103515625,12.892578125,-20.580078125,
0.676,8.0478515625,14.09375,-19.8193359375,
0.6765,2.4423828125,18.6982421875,-16.9365234375,
0.677,-1.521484375,20.4599609375,-14.1337890625,
0.6775,-6.005859375,22.421875,-11.1708984375,
0.678,-11.0107421875,24.0234375,-7.4072265625,
0.6785,-15.375,23.3427734375,-3.5634765625,
0.679,-17.216796875,23.2626953125,-0.3603515625,
0.6795,-19.298828125,20.900390625,3.7236328125,
0.68,-21.7412109375,18.7783203125,7.767578125,
0.6805,-22.26171875,15.3349609375,10.9306640625,
0.681,-23.623046875,11.69140625,14.89453125,
0.6815,-22.7021484375,8.2880859375,16.3359375,
0.682,-21.6611328125,3.763671875,18.6181640625,
0.6825,-19.4990234375,-0.1201171875,19.138671875,
0.683,-17.537109375,-4.96484375,20.900390625,
0.6835,-13.8134765625,-9.9296875,21.140625,
0.684,-10.169921875,-13.8134765625,20.66015625,
0.6845,-7.1669921875,-16.6162109375,19.7392578125,
0.685,-1.6416015625,-19.458984375,16.5361328125,
0.6855,2.72265625,-21.5810546875,13.8134765625,
0.686,6.806640625,-22.822265625,10.5302734375,
0.6865,11.7314453125,-24.583984375,7.0068359375,
0.687,14.4140625,-23.54296875,3.203125,
0.6875,17.77734375,-23.22265625,-0.3603515625,
0.688,19.619140625,-20.740234375,-4.2041015625,
0.6885,22.181640625,-18.5380859375,-8.3681640625,
0.689,22.3017578125,-14.734375,-11.4912109375,
0.6895,23.3828125,-11.37109375,-14.814453125,
0.69,22.501953125,-7.84765625,-16.416015625,
0.6905,20.900390625,-2.962890625,-18.41796875,
0.691,18.578125,1.2412109375,-20.5,
0.6915,16.17578125,6.166015625,-20.6201171875,
0.692,12.3720703125,11.130859375,-20.8603515625,
0.6925,8.568359375,14.57421875,-19.8193359375,
0.693,5.1650390625,17.376953125,-18.5380859375,
0.6935,-0.16015625,19.939453125,-15.21484375,
0.694,-4.8447265625,22.341796875,-12.412109375,
0.6945,-9.0888671875,22.982421875,-8.48828125,
0.695,-13.373046875,24.6640625,-5.60546875,
0.6955,-16.17578125,21.78125,-1.3212890625,
0.696,-19.1787109375,22.3017578125,2.40234375,
0.6965,-20.98046875,19.5390625,6.486328125,
0.697,-23.3427734375,16.9765625,10.5703125,
0.6975,-23.1025390625,12.65234375,13.7333984375,
0.698,-23.7431640625,9.369140625,16.49609375,
0.6985,-22.6220703125,5.6455078125,17.9775390625,
0.699,-20.66015625,0.640625,19.8193359375,
0.6995,-18.09765625,-4.00390625,20.7802734375,
0.7,-15.0546875,-9.0087890625,21.5810546875,
0.7005,-11.771484375,-13.29296875,21.8212890625,
0.701,-7.2470703125,-17.9375,19.939453125,
0.7015,-3.5234375,-19.138671875,18.017578125,
0.702,1.9619140625,-21.62109375,14.57421875,
0.7025,6.7265625,-24.0234375,11.611328125,
0.703,11.2109375,-24.0234375,6.966796875,
0.7035,14.4140625,-25.384765625,4.7646484375,
0.704,17.45703125,-23.462890625,0.0400390625,
0.7045,20.099609375,-22.1416015625,-3.5634765625,
0.705,21.861328125,-19.0986328125,-7.8076171875,
0.7055,23.783203125,-16.17578125,-11.7314453125,
0.706,23.4228515625,-11.8916015625,-14.57421875,
0.7065,23.4228515625,-8.408203125,-16.9365234375,
0.707,21.94140625,-4.8046875,-18.017578125,
0.7075,19.7392578125,0.560546875,-19.859375,
0.708,17.0166015625,5.4052734375,-20.8203125,
0.7085,13.0126953125,10.6103515625,-21.060546875,
0.709,10.5703125,13.9736328125,-21.1806640625,
0.7095,5.3251953125,17.45703125,-18.818359375,
0.71,1.76171875,19.5390625,-16.6162109375,
0.7105,-3.6435546875,21.8212890625,-13.1328125,
0.711,-8.48828125,24.1435546875,-10.08984375,
0.7115,-12.8525390625,23.783203125,-5.2451171875,
0.712,-15.615234375,24.6240234375,-3.04296875,
0.7125,-18.41796875,22.662109375,1.5615234375,
0.713,-20.900390625,20.900390625,5.365234375,
0.7135,-22.421875,17.697265625,9.44921875,
0.714,-24.0234375,14.25390625,13.453125,
0.7145,-23.6630859375,10.5703125,15.6953125,
0.715,-23.142578125,6.3662109375,18.177734375,
0.7155,-21.5810546875,3.04296875,18.8583984375,
0.716,-19.298828125,-2.4423828125,20.7001953125,
0.7165,-16.4560546875,-7.3671875,21.7412109375,
0.717,-12.091796875,-12.4521484375,21.5009765625,
0.7175,-10.08984375,-15.134765625,21.5009765625,
0.718,-4.2841796875,-18.578125,18.5380859375,
0.7185,-0.4404296875,-20.66015625,16.0556640625,
0.719,4.6044921875,-22.822265625,12.6923828125,
0.7195,9.76953125,-24.984375,9.2890625,
0.72,13.4931640625,-24.423828125,5.0048828125,
0.7205,16.576171875,-24.7041015625,2.08203125,
0.721,18.978515625,-22.7021484375,-2.08203125,
0.7215,21.6611328125,-20.6201171875,-6.3662109375,
0.722,22.7822265625,-17.296875,-10.0498046875,
0.7225,24.18359375,-13.4130859375,-14.1337890625,
0.723,23.7431640625,-10.330078125,-15.775390625,
0.7235,22.6220703125,-5.4453125,-18.2978515625,
0.724,20.740234375,-1.9619140625,-18.8583984375,
0.7245,18.337890625,3.4833984375,-20.6201171875,
0.725,14.89453125,8.8486328125,-21.5009765625,
0.7255,10.5302734375,13.453125,-20.9404296875,
0.726,8.2080078125,16.095703125,-20.4599609375,
0.7265,2.4423828125,17.9375,-17.2568359375,
0.727,-1.921875,21.380859375,-14.57421875,
0.7275,-7.6875,22.9423828125,-11.2109375,
0.728,-11.8916015625,25.0244140625,-7.3271484375,
0.7285,-14.7744140625,24.18359375,-3.5234375,
0.729,-18.2177734375,23.9033203125,0.2802734375,
0.7295,-20.0595703125,21.62109375,4.00390625,
0.73,-22.7822265625,17.9375,8.48828125,
0.7305,-23.3427734375,15.455078125,11.931640625,
0.731,-24.423828125,11.451171875,15.8154296875,
0.7315,-23.8232421875,8.408203125,17.1767578125,
0.732,-22.2216796875,3.203125,19.4990234375,
0.7325,-20.1396484375,-0.6005859375,20.099609375,
0.733,-17.77734375,-5.60546875,21.541015625,
0.7335,-14.0537109375,-11.0107421875,22.26171875,
0.734,-9.9697265625,-14.814453125,21.220703125,
0.7345,-6.8466796875,-17.77734375,20.259765625,
0.735,-1.201171875,-20.419921875,16.6962890625,
0.7355,3.5234375,-22.8623046875,13.853515625,
0.736,6.40625,-23.7431640625,8.96875,
0.7365,12.97265625,-25.5849609375,6.56640625,
0.737,15.4150390625,-24.4638671875,2.8828125,
0.7375,19.05859375,-23.703125,-2.5625,
0.738,20.5400390625,-21.2607421875,-4.8447265625,
0.7385,23.22265625,-18.73828125,-9.2490234375,
0.739,23.5029296875,-14.7744140625,-12.6123046875,
0.7395,24.18359375,-11.0107421875,-15.85546875,
0.74,23.5029296875,-7.767578125,-17.3369140625,
0.7405,21.3408203125,-2.482421875,-19.2587890625,
0.741,19.138671875,1.8017578125,-20.099609375,
0.7415,16.3759765625,6.7265625,-21.1005859375,
0.742,12.5322265625,12.1318359375,-23.0625,
0.7425,8.4482421875,15.294921875,-20.2197265625,
0.743,4.724609375,18.337890625,-18.8984375,
0.7435,-0.48046875,20.5400390625,-16.65625,
0.744,-5.4052734375,23.2626953125,-12.5322265625,
0.7445,-9.5693359375,23.6630859375,-8.3681640625,
0.745,-14.2138671875,25.3447265625,-5.1650390625,
0.7455,-16.7763671875,23.9033203125,-1.201171875,
0.746,-19.9794921875,22.7021484375,3.04296875,
0.7465,-21.4609375,19.939453125,6.7666015625,
0.747,-23.7431640625,17.216796875,10.9306640625,
0.7475,-23.86328125,12.892578125,14.2939453125,
0.748,-24.0234375,9.208984375,17.0166015625,
0.7485,-23.1826171875,5.7255859375,18.498046875,
0.749,-20.8203125,0.48046875,20.1796875,
0.7495,-18.5380859375,-4.1640625,21.30078125,
0.75,-15.21484375,-10.25,21.6611328125,
0.7505,-12.01171875,-13.7734375,22.341796875,
0.751,-7.4072265625,-16.8564453125,20.2197265625,
0.7515,-3.3232421875,-19.69921875,18.2177734375,
0.752,1.8818359375,-21.701171875,14.6943359375,
0.7525,6.7666015625,-25.625,11.8916015625,
0.753,11.130859375,-24.2236328125,7.20703125,
0.7535,14.7744140625,-25.544921875,4.64453125,
0.754,17.537109375,-23.9833984375,0.400390625,
0.7545,20.3798828125,-22.3818359375,-3.763671875,
0.755,22.021484375,-19.37890625,-7.7275390625,
0.7555,23.783203125,-16.3759765625,-11.5712890625,
0.756,23.943359375,-12.33203125,-14.734375,
0.7565,23.462890625,-8.3681640625,-17.056640625,
0.757,22.341796875,-4.96484375,-18.2177734375,
0.7575,19.779296875,0.4404296875,-19.779296875,
0.758,17.3369140625,5.28515625,-21.1005859375,
0.7585,13.0927734375,10.2900390625,-20.900390625,
0.759,10.7705078125,12.8125,-21.541015625,
0.7595,5.60546875,17.3369140625,-19.0185546875,
0.76,1.6015625,19.7392578125,-16.736328125,
0.7605,-3.4833984375,20.5,-13.1728515625,
0.761,-8.4482421875,24.3037109375,-11.53125,
0.7615,-12.732421875,23.9833984375,-5.4853515625,
0.762,-15.8154296875,24.583984375,-2.8427734375,
0.7625,-18.337890625,23.0224609375,1.1611328125,
0.763,-20.9404296875,21.0205078125,5.3251953125,
0.7635,-22.5419921875,17.8974609375,9.369140625,
0.764,-23.7431640625,14.2939453125,13.1328125,
0.7645,-24.0234375,11.0107421875,15.6953125,
0.765,-23.0224609375,6.326171875,18.09765625,
0.7655,-21.7412109375,3.1630859375,18.9384765625,
0.766,-19.1787109375,-2.2822265625,19.21875,
0.7665,-16.6962890625,-7.3271484375,21.94140625,
0.767,-12.091796875,-12.2119140625,21.220703125,
0.7675,-10.08984375,-15.2548828125,21.5810546875,
0.768,-4.64453125,-18.337890625,18.658203125,
0.7685,-0.4404296875,-20.66015625,16.17578125,
0.769,4.4443359375,-22.5419921875,12.6923828125,
0.7695,9.609375,-24.7041015625,9.3291015625,
0.77,13.1728515625,-24.423828125,5.28515625,
0.7705,16.49609375,-24.3837890625,1.921875,
0.771,18.5380859375,-22.822265625,-1.5615234375,
0.7715,21.30078125,-21.78125,-6.0859375,
0.772,22.7421875,-17.3369140625,-9.9296875,
0.7725,23.5830078125,-13.29296875,-13.7333984375,
0.773,23.86328125,-10.6904296875,-15.615234375,
0.7735,22.3017578125,-5.60546875,-19.21875,
0.774,20.740234375,-2.2421875,-18.6181640625,
0.7745,18.177734375,3.04296875,-20.1796875,
0.775,15.0947265625,8.48828125,-21.4609375,
0.7755,10.6103515625,12.892578125,-20.5400390625,
0.776,8.16796875,15.85546875,-20.33984375,
0.7765,3.0830078125,18.4580078125,-17.296875,
0.777,-1.521484375,20.98046875,-14.654296875,
0.7775,-6.005859375,22.501953125,-11.2109375,
0.778,-11.37109375,24.423828125,-7.3671875,
0.7785,-14.1337890625,24.103515625,-4.1240234375,
0.779,-17.7373046875,23.3828125,0.1201171875,
0.7795,-20.5,21.5810546875,3.203125,
0.78,-21.94140625,19.0986328125,7.84765625,
0.7805,-23.1025390625,15.5751953125,11.611328125,
0.781,-23.54296875,11.291015625,15.21484375,
0.7815,-23.7431640625,8.888671875,16.81640625,
0.782,-23.0625,3.7236328125,18.7783203125,
0.7825,-20.1396484375,-0.080078125,19.8193359375,
0.783,-17.537109375,-5.0849609375,20.8203125,
0.7835,-14.173828125,-10.650390625,22.1015625,
0.784,-10.1298828125,-14.0537109375,20.8203125,
0.7845,-6.8466796875,-17.3369140625,20.01953125,
0.785,-2.0419921875,-19.37890625,16.736328125,
0.7855,2.9228515625,-22.1416015625,14.0537109375,
0.786,7.126953125,-23.1826171875,10.41015625,
0.7865,12.3720703125,-24.82421875,6.5263671875,
0.787,14.654296875,-24.3037109375,3.68359375,
0.7875,18.2978515625,-23.142578125,-0.9609375,
0.788,19.69921875,-21.1005859375,-4.083984375,
0.7885,22.1015625,-18.498046875,-8.4482421875,
0.789,23.142578125,-14.814453125,-12.2119140625,
0.7895,23.1025390625,-10.810546875,-15.0947265625,
0.79,23.1826171875,-8.1279296875,-16.7763671875,
0.7905,20.7802734375,-3.0830078125,-18.2578125,
0.791,18.9384765625,1.1611328125,-19.5390625,
0.7915,15.9755859375,5.8056640625,-20.1796875,
0.792,12.4921875,10.25,-21.2607421875,
0.7925,8.80859375,14.25390625,-19.779296875,
0.793,4.7646484375,17.697265625,-18.41796875,
0.7935,0.5205078125,19.298828125,-15.21484375,
0.794,-4.484375,22.1416015625,-12.572265625,
0.7945,-8.7685546875,22.7822265625,-8.6083984375,
0.795,-13.3330078125,24.103515625,-6.40625,
0.7955,-15.615234375,23.54296875,-2.162109375,
0.796,-18.818359375,21.861328125,2.4423828125,
0.7965,-20.2998046875,19.6591796875,5.765625,
0.797,-22.1015625,16.8564453125,9.6494140625,
0.7975,-23.302734375,13.0927734375,13.5732421875,
0.798,-22.7421875,9.2490234375,15.85546875,
0.7985,-22.6220703125,6.1259765625,17.697265625,
0.799,-20.1796875,1.361328125,18.7783203125,
0.7995,-18.41796875,-3.2431640625,20.419921875,
0.8,-15.0146484375,-7.6474609375,19.21875,
0.8005,-11.9716796875,-12.65234375,21.5810546875,
0.801,-8.2080078125,-15.294921875,19.859375,
0.8015,-3.603515625,-18.578125,17.857421875,
0.802,0.720703125,-20.1396484375,14.6142578125,
0.8025,5.4853515625,-22.90234375,12.0517578125,
0.803,9.9697265625,-23.3427734375,7.84765625,
0.8035,13.6533203125,-24.1435546875,4.6845703125,
0.804,16.255859375,-23.623046875,1.5615234375,
0.8045,19.05859375,-21.62109375,-2.8828125,
0.805,20.900390625,-19.1787109375,-6.6865234375,
0.8055,22.1416015625,-16.1357421875,-10.169921875,
0.806,23.4228515625,-12.6923828125,-13.8935546875,
0.8065,22.4619140625,-8.6484375,-15.8955078125,
0.807,21.861328125,-5.28515625,-17.6171875,
0.8075,19.2587890625,-0.5205078125,-18.6982421875,
0.808,17.4169921875,4.484375,-21.78125,
0.8085,13.1728515625,9.12890625,-20.0595703125,
0.809,10.5703125,13.373046875,-20.8603515625,
0.8095,6.3662109375,16.17578125,-18.8583984375,
0.81,1.8017578125,19.0986328125,-16.5361328125,
0.8105,-2.802734375,20.7802734375,-13.1328125,
0.811,-7.607421875,23.22265625,-11.53125,
0.8115,-11.9716796875,23.5830078125,-6.0859375,
0.812,-15.1748046875,23.5830078125,-2.72265625,
0.8125,-17.6572265625,22.822265625,0.48046875,
0.813,-20.1796875,19.21875,4.96484375,
0.8135,-22.0615234375,17.697265625,8.9287109375,
0.814,-22.662109375,13.9736328125,12.33203125,
0.8145,-23.8232421875,11.0908203125,15.3349609375,
0.815,-22.3818359375,6.4462890625,17.3369140625,
0.8155,-21.4208984375,2.962890625,18.658203125,
0.816,-18.6982421875,-1.9619140625,19.8193359375,
0.8165,-16.576171875,-7.0068359375,21.5009765625,
0.817,-12.091796875,-11.4912109375,20.740234375,
0.8175,-9.5693359375,-15.0146484375,20.9404296875,
0.818,-6.40625,-17.6171875,18.578125,
0.8185,-0.3203125,-20.3798828125,15.8955078125,
0.819,4.244140625,-21.9814453125,12.4921875,
0.8195,9.0888671875,-23.783203125,9.0888671875,
0.82,12.7724609375,-24.3037109375,5.765625,
0.8205,16.015625,-23.54296875,1.681640625,
0.821,18.09765625,-22.662109375,-1.2412109375,
0.8215,20.580078125,-20.0595703125,-5.7255859375,
0.822,22.421875,-17.216796875,-9.689453125,
0.8225,22.501953125,-12.97265625,-13.052734375,
0.823,23.5830078125,-10.7705078125,-16.65625,
0.8235,20.5,-5.92578125,-17.2568359375,
0.824,19.21875,-2.2421875,-18.5380859375,
0.8245,17.697265625,2.802734375,-19.4990234375,
0.825,14.9345703125,8.1279296875,-21.0205078125,
0.8255,10.8505859375,12.2119140625,-20.1796875,
0.826,6.40625,15.5751953125,-19.779296875,
0.8265,3.763671875,17.77734375,-17.3369140625,
0.827,-1.3212890625,20.5400390625,-14.57421875,
0.8275,-5.8056640625,22.181640625,-11.1708984375,
0.828,-10.8505859375,23.5029296875,-7.1669921875,
0.8285,-13.7734375,24.18359375,-4.6845703125,
0.829,-17.2568359375,22.7822265625,0.080078125,
0.8295,-18.978515625,21.5810546875,2.8828125,
0.83,-21.3408203125,18.8583984375,7.3671875,
0.8305,-24.34375,15.6953125,11.4111328125,
0.831,-22.8623046875,11.2109375,14.6142578125,
0.8315,-23.623046875,8.728515625,16.6962890625,
0.832,-21.62109375,4.00390625,18.2177734375,
0.8325,-20.099609375,-0.16015625,19.779296875,
0.833,-17.296875,-4.884765625,20.580078125,
0.8335,-14.013671875,-10.490234375,21.861328125,
0.834,-10.490234375,-13.7734375,20.900390625,
0.8345,-6.326171875,-17.4970703125,19.779296875,
0.835,-2.3623046875,-20.5,16.9365234375,
0.8355,2.9228515625,-22.1416015625,14.0537109375,
0.836,7.447265625,-23.462890625,10.41015625,
0.8365,12.4921875,-24.423828125,6.166015625,
0.837,14.89453125,-24.7841796875,3.8837890625,
0.8375,18.578125,-24.34375,-1.2412109375,
0.838,20.2197265625,-21.3408203125,-4.32421875,
0.8385,22.26171875,-18.498046875,-8.48828125,
0.839,23.8232421875,-15.0146484375,-12.65234375,
0.8395,23.1826171875,-10.73046875,-15.21484375,
0.84,23.5029296875,-7.767578125,-17.4169921875,
0.8405,21.0205078125,-2.962890625,-18.5380859375,
0.841,19.2587890625,1.8017578125,-20.2197265625,
0.8415,15.8955078125,6.486328125,-21.78125,
0.842,12.171875,12.251953125,-21.62109375,
0.8425,8.8486328125,14.9345703125,-20.2998046875,
0.843,3.923828125,18.73828125,-18.498046875,
0.8435,0.0400390625,20.2197265625,-16.65625,
0.844,-5.1650390625,23.0224609375,-12.4921875,
0.8445,-9.76953125,23.9033203125,-8.4482421875,
0.845,-14.2138671875,24.423828125,-4.3642578125,
0.8455,-17.9375,24.3837890625,-1.76171875,
0.846,-19.859375,22.181640625,3.283203125,
0.8465,-21.62109375,20.01953125,6.806640625,
0.847,-22.982421875,16.81640625,10.490234375,
0.8475,-24.423828125,13.0126953125,14.654296875,
0.848,-23.3828125,8.8486328125,15.375,
0.8485,-23.22265625,5.365234375,18.7783203125,
0.849,-20.580078125,0.880859375,19.5390625,
0.8495,-18.73828125,-4.1240234375,21.4208984375,
0.85,-15.0146484375,-8.6884765625,21.2607421875,
0.8505,-11.451171875,-13.853515625,21.9814453125,
0.851,-8.0478515625,-16.3359375,20.4599609375,
0.8515,-2.6826171875,-19.8994140625,16.65625,
0.852,1.44140625,-21.2607421875,14.6943359375,
0.8525,6.24609375,-23.7431640625,11.8515625,
0.853,10.970703125,-24.583984375,6.40625,
0.8535,14.5341796875,-24.5439453125,3.9638671875,
0.854,17.376953125,-25.625,0.9609375,
0.8545,19.9794921875,-21.94140625,-3.68359375,
0.855,22.0615234375,-19.6591796875,-7.607421875,
0.8555,22.7822265625,-16.2958984375,-10.8505859375,
0.856,24.3037109375,-12.6923828125,-14.8544921875,
0.8565,21.78125,-8.5283203125,-16.5361328125,
0.857,22.3818359375,-4.6044921875,-18.6181640625,
0.8575,19.6591796875,-0.16015625,-20.5,
0.858,17.77734375,4.96484375,-21.140625,
0.8585,13.4130859375,9.689453125,-20.66015625,
0.859,10.169921875,14.1337890625,-21.1005859375,
0.8595,6.5263671875,16.896484375,-19.4990234375,
0.86,0,20.01953125,-16.6962890625,
0.8605,-3.203125,21.701171875,-13.4130859375,
0.861,-7.84765625,23.6630859375,-10.2900390625,
0.8615,-12.6123046875,24.6640625,-6.24609375,
0.862,-15.7353515625,23.943359375,-2.322265625,
0.8625,-18.5380859375,23.5830078125,0.80078125,
0.863,-20.8603515625,20.900390625,5.3251953125,
0.8635,-24.34375,18.2578125,9.44921875,
0.864,-23.2626953125,14.1337890625,12.7724609375,
0.8645,-24.6640625,11.130859375,16.1357421875,
0.865,-23.1025390625,6.56640625,17.9775390625,
0.8655,-22.0615234375,1.28125,19.7392578125,
0.866,-19.1787109375,-2.40234375,20.5400390625,
0.8665,-17.0166015625,-7.447265625,22.3017578125,
0.867,-12.4521484375,-12.171875,21.62109375,
0.8675,-9.208984375,-15.935546875,21.3408203125,
0.868,-5.1650390625,-18.5380859375,19.2587890625,
0.8685,0.3203125,-21.4609375,16.17578125,
0.869,5.0849609375,-23.2626953125,12.6923828125,
0.8695,9.849609375,-24.6640625,8.9287109375,
0.87,13.8134765625,-25.5849609375,5.6455078125,
0.8705,17.056640625,-24.2236328125,1.12109375,
0.871,19.4990234375,-23.462890625,-2.001953125,
0.8715,20.5,-20.5400390625,-6.56640625,
0.872,23.8232421875,-17.7373046875,-10.73046875,
0.8725,23.54296875,-13.052734375,-13.93359375,
0.873,24.50390625,-10.3701171875,-16.49609375,
0.8735,22.662109375,-5.6455078125,-18.1376953125,
0.874,21.060546875,-1.3212890625,-19.69921875,
0.8745,18.017578125,3.68359375,-20.4599609375,
0.875,15.0947265625,9.048828125,-23.0625,
0.8755,10.9306640625,13.212890625,-21.0205078125,
0.876,7.0869140625,16.81640625,-20.01953125,
0.8765,3.36328125,18.9384765625,-17.77734375,
0.877,-2.08203125,21.701171875,-14.57421875,
0.8775,-6.806640625,23.462890625,-11.1708984375,
0.878,-11.7314453125,24.263671875,-6.7265625,
0.8785,-14.7744140625,25.1845703125,-4.32421875,
0.879,-18.177734375,23.2626953125,0.720703125,
0.8795,-20.1796875,22.1015625,3.68359375,
0.88,-22.2216796875,19.0986328125,8.0478515625,
0.8805,-24.0634765625,15.9755859375,12.2119140625,
0.881,-23.54296875,11.291015625,15.2548828125,
0.8815,-24.1435546875,8.408203125,17.6171875,
0.882,-22.2216796875,4.1240234375,18.818359375,
0.8825,-21.78125,-0.6005859375,19.21875,
0.883,-17.5771484375,-5.365234375,21.220703125,
0.8835,-15.375,-10.890625,22.2216796875,
0.884,-10.8505859375,-14.173828125,21.541015625,
0.8845,-6.0458984375,-17.9775390625,19.859375,
0.885,-2.40234375,-19.7392578125,17.3369140625,
0.8855,3.04296875,-22.501953125,14.1337890625,
0.886,7.7275390625,-25.625,10.5703125,
0.8865,12.65234375,-24.6240234375,6.0859375,
0.887,15.2548828125,-25.4248046875,3.923828125,
0.8875,18.658203125,-23.3828125,-2.5625,
0.888,20.7001953125,-21.861328125,-4.564453125,
0.8885,22.4619140625,-18.73828125,-8.6484375,
0.889,23.0625,-15.3349609375,-12.892578125,
0.8895,23.5830078125,-11.0107421875,-15.3349609375,
0.89,23.703125,-7.607421875,-17.7373046875,
0.8905,21.5009765625,-3.36328125,-18.578125,
0.891,19.5791015625,1.76171875,-21.78125,
0.8915,16.2158203125,6.6064453125,-20.98046875,
0.892,12.251953125,12.251953125,-21.701171875,
0.8925,9.369140625,14.974609375,-20.8203125,
0.893,3.8837890625,18.8984375,-18.5380859375,
0.8935,0.2802734375,20.419921875,-15.775390625,
0.894,-4.96484375,22.982421875,-12.65234375,
0.8945,-9.9697265625,24.50390625,-8.80859375,
0.895,-14.2138671875,24.50390625,-4.404296875,
0.8955,-16.9365234375,24.744140625,-1.8017578125,
0.896,-19.939453125,22.341796875,3.203125,
0.8965,-22.021484375,20.3798828125,6.8466796875,
0.897,-24.34375,16.9765625,10.4501953125,
0.8975,-24.744140625,13.1728515625,14.814453125,
0.898,-23.6630859375,9.1689453125,16.6962890625,
0.8985,-23.3427734375,3.84375,17.9375,
0.899,-20.900390625,1.041015625,19.69921875,
0.8995,-18.9384765625,-4.1640625,21.62109375,
0.9,-15.21484375,-8.888671875,21.62109375,
0.9005,-11.3310546875,-14.013671875,21.94140625,
0.901,-8.328125,-16.49609375,20.8203125,
0.9015,-2.5224609375,-20.099609375,17.8974609375,
0.902,1.4814453125,-21.62109375,14.89453125,
0.9025,6.166015625,-23.6630859375,11.8515625,
0.903,11.2109375,-25.064453125,7.8076171875,
0.9035,14.57421875,-24.5439453125,2.5625,
0.904,17.697265625,-24.583984375,0.640625,
0.9045,20.01953125,-21.94140625,-3.763671875,
0.905,22.3017578125,-19.8193359375,-8.96875,
0.9055,22.7822265625,-16.255859375,-10.8505859375,
0.906,23.0625,-12.6123046875,-14.89453125,
0.9065,23.142578125,-8.7685546875,-16.49609375,
0.907,22.181640625,-4.2841796875,-18.7783203125,
0.9075,19.779296875,-0.3603515625,-19.138671875,
0.908,17.77734375,4.7646484375,-20.98046875,
0.9085,13.61328125,9.689453125,-20.8203125,
0.909,9.9697265625,13.9736328125,-20.7001953125,
0.9095,6.7666015625,16.736328125,-19.5791015625,
0.91,1.3212890625,19.7392578125,-16.49609375,
0.9105,-3.0029296875,21.541015625,-13.5732421875,
0.911,-7.3271484375,21.78125,-10.2900390625,
0.9115,-12.3720703125,24.6240234375,-6.56640625,
0.912,-15.2548828125,23.54296875,-3.84375,
0.9125,-18.41796875,23.302734375,0.880859375,
0.913,-20.2998046875,20.7001953125,4.9248046875,
0.9135,-22.7421875,18.41796875,9.0087890625,
0.914,-22.7421875,14.3740234375,12.2119140625,
0.9145,-24.103515625,11.0908203125,15.6953125,
0.915,-22.9423828125,7.0869140625,17.4169921875,
0.9155,-21.62109375,1.28125,19.37890625,
0.916,-19.1787109375,-1.7216796875,20.0595703125,
0.9165,-16.9365234375,-6.646484375,21.5810546875,
0.917,-12.8525390625,-12.8125,21.541015625,
0.9175,-9.208984375,-15.134765625,20.7802734375,
0.918,-5.60546875,-19.21875,19.2587890625,
0.9185,-0.16015625,-20.6201171875,15.9755859375,
0.919,4.404296875,-22.822265625,13.052734375,
0.9195,8.7685546875,-23.6630859375,9.12890625,
0.92,13.052734375,-25.3046875,6.166015625,
0.9205,16.0556640625,-23.6630859375,1.681640625,
0.921,18.9384765625,-24.34375,-1.681640625,
0.9215,20.8603515625,-20.259765625,-5.8857421875,
0.922,23.142578125,-17.8173828125,-9.8896484375,
0.9225,22.90234375,-13.373046875,-13.052734375,
0.923,23.7431640625,-10.3701171875,-15.85546875,
0.9235,22.4619140625,-6.326171875,-17.4169921875,
0.924,20.6201171875,-1.521484375,-20.5,
0.9245,18.017578125,3.04296875,-19.9794921875,
0.925,14.974609375,8.16796875,-20.98046875,
0.9255,11.4111328125,12.5322265625,-20.98046875,
0.926,7.126953125,16.015625,-19.4990234375,
0.9265,3.68359375,18.337890625,-17.697265625,
0.927,-1.7216796875,20.7802734375,-14.3740234375,
0.9275,-6.3662109375,21.78125,-11.451171875,
0.928,-10.8505859375,23.2626953125,-6.8466796875,
0.9285,-14.2138671875,24.6640625,-4.6044921875,
0.929,-17.2568359375,22.8623046875,0.16015625,
0.9295,-19.619140625,21.701171875,3.4833984375,
0.93,-21.4208984375,18.73828125,7.5673828125,
0.9305,-23.302734375,15.85546875,11.4912109375,
0.931,-22.982421875,10.25,14.4541015625,
0.9315,-23.2626953125,8.248046875,16.9365234375,
0.932,-21.9013671875,4.64453125,18.09765625,
0.9325,-19.859375,-0.3603515625,19.8193359375,
0.933,-17.376953125,-4.9248046875,20.740234375,
0.9335,-13.7734375,-9.9697265625,21.140625,
0.934,-11.2109375,-13.4130859375,21.30078125,
0.9345,-6.166015625,-16.9765625,17.9375,
0.935,-2.642578125,-19.05859375,17.0166015625,
0.9355,2.5224609375,-21.4609375,13.8134765625,
0.936,7.20703125,-23.703125,10.890625,
0.9365,10.25,-23.462890625,6.24609375,
0.937,14.4140625,-24.4638671875,4.1240234375,
0.9375,17.3369140625,-22.7421875,-0.3203125,
0.938,19.7392578125,-21.1806640625,-3.9638671875,
0.9385,21.380859375,-18.2578125,-7.927734375,
0.939,21.78125,-15.0947265625,-11.8515625,
0.9395,22.822265625,-11.4912109375,-14.25390625,
0.94,22.5419921875,-7.447265625,-16.81640625,
0.9405,21.060546875,-4.2041015625,-17.5771484375,
0.941,18.9384765625,1.041015625,-19.458984375,
0.9415,16.17578125,5.92578125,-20.4599609375,
0.942,11.931640625,11.0107421875,-20.4599609375,
0.9425,9.9296875,13.853515625,-21.78125,
0.943,4.484375,17.3369140625,-17.9775390625,
0.9435,0.9208984375,19.298828125,-15.7353515625,
0.944,-4.0439453125,21.5009765625,-12.6123046875,
0.9445,-9.0888671875,23.7431640625,-9.2490234375,
0.945,-12.8525390625,23.3828125,-4.9248046875,
0.9455,-15.9755859375,23.783203125,-2.08203125,
0.946,-18.3779296875,21.861328125,2.001953125,
0.9465,-20.9404296875,19.9794921875,6.005859375,
0.947,-22.1416015625,16.6962890625,9.76953125,
0.9475,-23.5029296875,12.97265625,13.8134765625,
0.948,-23.1826171875,9.8095703125,15.6552734375,
0.9485,-22.341796875,3.84375,18.2578125,
0.949,-20.580078125,1.8818359375,18.73828125,
0.9495,-18.41796875,-3.4033203125,20.580078125,
0.95,-15.294921875,-8.4482421875,21.380859375,
0.9505,-11.0107421875,-12.97265625,20.900390625,
0.951,-8.728515625,-15.6953125,20.580078125,
0.9515,-3.0029296875,-18.8984375,17.376953125,
0.952,1.12109375,-20.98046875,14.814453125,
0.9525,5.4853515625,-22.58203125,11.69140625,
0.953,10.7705078125,-24.50390625,8.0078125,
0.9535,13.61328125,-23.8232421875,4.3642578125,
0.954,17.0966796875,-23.6630859375,0.720703125,
0.9545,18.9384765625,-21.62109375,-2.8828125,
0.955,21.62109375,-19.4189453125,-7.1669921875,
0.9555,22.3017578125,-15.9755859375,-10.5302734375,
0.956,23.3427734375,-12.171875,-14.333984375,
0.9565,22.9423828125,-9.2490234375,-15.7353515625,
0.957,21.4208984375,-4.2041015625,-18.0576171875,
0.9575,19.5390625,-0.7607421875,-18.6181640625,
0.958,17.2568359375,4.2841796875,-20.1796875,
0.9585,13.6533203125,9.6494140625,-20.8603515625,
0.959,9.7294921875,13.29296875,-19.9794921875,
0.9595,6.7265625,16.2958984375,-19.298828125,
0.96,1.6015625,18.7783203125,-16.095703125,
0.9605,-2.8427734375,21.30078125,-13.533203125,
0.961,-6.88671875,22.341796875,-10.169921875,
0.9615,-12.1318359375,24.263671875,-6.486328125,
0.962,-14.5341796875,23.22265625,-3.0029296875,
0.9625,-18.0576171875,22.7021484375,1.041015625,
0.963,-19.5791015625,19.21875,4.3642578125,
0.9635,-22.1416015625,18.1376953125,8.6484375,
0.964,-22.58203125,14.2939453125,12.0517578125,
0.9645,-23.3427734375,10.650390625,14.09375,
0.965,-22.9423828125,7.5673828125,16.9765625,
0.9655,-21.060546875,2.5224609375,18.8984375,
0.966,-19.0986328125,-1.521484375,19.8994140625,
0.9665,-16.6162109375,-6.166015625,20.900390625,
0.967,-13.052734375,-11.4912109375,21.7412109375,
0.9675,-9.12890625,-14.6943359375,20.33984375,
0.968,-5.4052734375,-19.21875,19.0986328125,
0.9685,-0.3603515625,-20.099609375,15.6953125,
0.969,4.3642578125,-22.7421875,13.1328125,
0.9695,8.48828125,-23.1826171875,9.12890625,
0.97,13.0927734375,-24.984375,6.0458984375,
0.9705,15.6953125,-23.703125,2.2021484375,
0.971,18.978515625,-22.7021484375,-1.9619140625,
0.9715,20.6201171875,-20.1796875,-5.685546875,
0.972,22.8623046875,-17.6171875,-9.6494140625,
0.9725,23.1025390625,-13.4931640625,-13.0927734375,
0.973,23.3427734375,-9.9296875,-15.7353515625,
0.9735,22.58203125,-6.486328125,-17.376953125,
0.974,20.2998046875,-2.5625,-19.0986328125,
0.9745,18.09765625,3.2431640625,-20.2197265625,
0.975,14.6943359375,8.0478515625,-20.66015625,
0.9755,10.25,11.53125,-21.4609375,
0.976,7.0869140625,15.8955078125,-19.4990234375,
0.9765,3.1630859375,18.8984375,-17.6572265625,
0.977,-1.921875,20.900390625,-14.173828125,
0.9775,-6.6865234375,23.623046875,-11.4912109375,
0.978,-11.05078125,23.462890625,-6.7666015625,
0.9785,-14.734375,24.8642578125,-4.244140625,
0.979,-17.4970703125,23.22265625,0.0400390625,
0.9795,-20.2998046875,21.701171875,4.083984375,
0.98,-21.9013671875,18.73828125,8.0478515625,
0.9805,-23.6630859375,15.7353515625,11.8515625,
0.981,-23.7431640625,11.6513671875,15.0546875,
0.9815,-23.3427734375,7.7275390625,17.45703125,
0.982,-22.341796875,4.32421875,18.658203125,
0.9825,-19.859375,-1.041015625,20.259765625,
0.983,-17.537109375,-5.8056640625,21.4609375,
0.9835,-13.4931640625,-10.6904296875,21.30078125,
0.984,-11.130859375,-14.4140625,21.94140625,
0.9845,-5.845703125,-17.6572265625,19.37890625,
0.985,-1.841796875,-20.1396484375,17.0966796875,
0.9855,3.2431640625,-22.1015625,13.61328125,
0.986,8.087890625,-24.6240234375,10.73046875,
0.9865,12.33203125,-24.18359375,5.9658203125,
0.987,15.455078125,-24.9443359375,3.3232421875,
0.9875,18.09765625,-23.3427734375,-0.720703125,
0.988,20.8203125,-21.4208984375,-4.9248046875,
0.9885,22.3818359375,-18.337890625,-8.888671875,
0.989,23.703125,-14.8544921875,-12.65234375,
0.9895,23.86328125,-12.8125,-15.1748046875,
0.99,22.90234375,-6.88671875,-17.5771484375,
0.9905,21.5810546875,-3.68359375,-18.41796875,
0.991,18.978515625,1.8017578125,-20.01953125,
0.9915,16.3759765625,6.7666015625,-21.380859375,
0.992,11.69140625,11.69140625,-20.7802734375,
0.9925,9.6494140625,14.89453125,-21.0205078125,
0.993,4.2041015625,18.0576171875,-18.1376953125,
0.9935,0.16015625,20.419921875,-15.8154296875,
0.994,-4.8447265625,22.3017578125,-12.251953125,
0.9945,-9.9697265625,24.583984375,-8.9287109375,
0.995,-13.61328125,24.1435546875,-4.7646484375,
0.9955,-16.81640625,24.18359375,-1.44140625,
0.996,-19.0185546875,22.4619140625,2.2421875,
0.9965,-21.7412109375,20.2197265625,6.6865234375,
0.997,-24.34375,16.81640625,10.650390625,
0.9975,-24.0234375,11.53125,14.5341796875,
0.998,-24.18359375,10.009765625,16.3759765625,
0.9985,-22.7421875,4.8447265625,18.8583984375,
0.999,-21.140625,1.44140625,19.37890625,
0.9995,-18.578125,-3.9638671875,21.140625,